날짜,제목
2021-07-06,"넷플릭스, 덱스터스튜디오·라이브톤과 장기 파트너십"
2021-07-06,"'킹덤' 좀비 특수효과 국내 제작사, 넷플릭스와 장기계약"
2021-07-06,"넷플릭스, 덱스터스튜디오와 장기 파트너십 맺는다"
2021-07-06,요즘 누가 넷플릭스만 봐?...스트리밍 춘추전국시대
2021-07-06,"키움證 ""덱스터, 넷플릭스와 포스트프로덕션 장기계약"""
2021-07-08,"""넷플릭스엔 없어요"" K콘텐츠 전성기 이끄는 토종 OTT"
2021-07-08,"과기정통부, 넷플릭스 등과 ‘넷플릭스법’ 간담회…서비스 안정화 논의"
2021-07-08,"'넷플릭스법' 가이드라인 9월에 나온다…""규제로 비춰지는 것 부담"""
2021-07-08,네이버·카카오·구글·페북·넷플릭스 한자리에…서비스 '먹통' 방지 논의
2021-07-10,넷플릭스 이어 유튜브도 망사용료 낼까
2021-07-12,"'넷플릭스+α' 칸에 선 왓챠 ""다음 키워드는 테크·글로벌·독점 콘텐츠"""
2021-07-12,KT스카이라이프에서도 넷플릭스 본다
2021-07-12,"KT스카이라이프, 넷플릭스 서비스 개시…""콘텐츠 강화"""
2021-07-12,"KT스카이라이프, 넷플릭스 서비스 론칭"
2021-07-12,KT스카이라이프에서도 넷플릭스 바로 본다
2021-07-12,"KT스카이라이프, 넷플릭스 서비스 시작… 스카이라이프 이용료와 구독료 통합청구"
2021-07-13,"OTT 각축전, 넷플릭스 '왕좌' 자리 언제까지 지킬까"
2021-07-13,"넷플릭스, SK브로드밴드에 이번주 항소 카드 던질까"
2021-07-14,"넷플릭스 등 OTT 콘텐츠, 올해 에미상 후보 '싹쓸이'"
2021-07-14,"콘텐츠마켓 SPP 온라인 개최…""넷플릭스 등과 1대 1 피칭 기회"""
2021-07-15,"넷플릭스, 항소 결정…망사용료 분쟁 '2라운드'"
2021-07-15,‘넷플릭스 항소 제기’ SKB “적절한 시기 반소할 것”
2021-07-15,망사용료 분쟁 2라운드…넷플릭스 항소에 SKB “반소할 것”
2021-07-15,"넷플릭스 ""망사용료 책임전가"" 항소에 SKB ""사용료 청구 반소""(종합)"
2021-07-15,넷플릭스에서 머지않아 '게임'도 한다
2021-07-15,넷플릭스 “망 사용료 못 낸다”…1심 판결 불복·항소
2021-07-15,"넷플릭스, '망 이용료 지급 의무 인정' 1심에 불복 항소"
2021-07-15,"넷플릭스, 아이들 위한 기능 2종 도입"
2021-07-15,"네이버웹툰 원작 '알고있지만', 아시아 7개국 넷플릭스 1위 차지"
2021-07-15,"넷플릭스, 비디오 게임 시장 진출한다"
2021-07-15,"""제2의 넷플릭스 막자""…인터넷망 무임승차 방지법 발의돼"
2021-07-15,"“넷플릭스, 내년 비디오게임 서비스도 제공”"
2021-07-15,"""넷플릭스, 비디오게임으로 사업확대 추진"""
2021-07-15,"네이버웹툰 원작 '알고있지만', 아시아 7개국 넷플릭스 1위"
2021-07-17,"""비디오 가게와 마찬가지""…규제 발끈한 넷플릭스·웨이브"
2021-07-18,[뉴스IT(잇)쥬] 카카오엔터-멜론 합병…넷플릭스-SKB 분쟁 '2라운드'
2021-07-18,코로나 충격 제한적…넷플릭스는 빅테크 실적 '예고편'
2021-07-21,코로나 특수 끝났나...넷플릭스 2분기 실적 '기대 이하'
2021-07-21,넷플릭스 잘나가나 했더니…유료 가입자 많은 북미서 감소세
2021-07-21,한풀 꺾인 넷플릭스 구독…스트리밍시장 지각변동
2021-07-21,"""코로나 특수 끝"" 넷플릭스 신규가입자 1년새 10분의 1토막"
2021-07-21,넷플릭스 이용자 급감…토종 OTT 기회일까?
2021-07-21,"넷플릭스, 성장둔화 돌파 카드는 '게임'"
2021-07-21,"'OTT 공룡’ 넷플릭스, 게임 산업 진출 선언···왜 그랬대? [이유진의 겜it..."
2021-07-21,"구독자 증가 둔화한 넷플릭스, 게임으로 도약 모색"
2021-07-21,"넷플릭스 신규가입, 대폭 줄어 역대 최저…'코로나 특수' 끝?"
2021-07-21,"넷플릭스, 2분기 매출 8.4조원…가입자 증가세는 둔화"
2021-07-21,"가입자 증가세 꺾인 넷플릭스, 신규사업 '게임' 전망은?"
2021-07-21,"넷플릭스, 성장둔화 돌파 카드는 '게임'"
2021-07-21,넷플릭스 무풍지대 '스포츠 중계권' 노리는 OTT업계
2021-07-21,"넷플릭스, 가입자 증가세 둔화…게임으로 확장"
2021-07-21,"[특징주] 덱스터, 메타버스 인기·넷플릭스 파트너십 부각"
2021-07-21,코로나 수혜 끝났나…넷플릭스 신규가입자 수 ‘뚝’
2021-07-21,"구독자 둔화 예견된 넷플릭스, 게임판 뛰어든다"
2021-07-22,"하나금융투자 “넷플릭스, 3분기 이후 주가 다시 상승할 것”"
2021-07-22,"넷플릭스, 게임·비영어권 콘텐츠 투자가 성장 핵심-NH"
2021-07-22,"코로나 특수 끝…넷플릭스, 게임으로 살 길 찾나"
2021-07-23,"""넷플릭스처럼?"" 트위터도 돈 내고 이용한다...첫 구독 서비스 출시"
2021-07-24,"[주목!e해외주식]넷플릭스, 하반기 반전 도모"
2021-07-24,망사용료 뻗대는 넷플릭스와 달리…디즈니 “우린 내겠다” 왜
2021-07-26,"[2021년 세법개정안]④내수 활성화 및 기업환경 개선 넷플릭스, 유튜브에 밀린 ..."
2021-07-26,넷플릭스·디즈니 맞수 키운다… '토종 OTT' 영상제작비 세액공제
2021-07-26,"[시그널] 내달 2일 코스닥 상장 원티드···""커리어계 넷플릭스 되겠다"""
2021-07-26,"[IPO출사표]원티드랩 ""AI로 합격률 높여…커리어계의 넷플릭스 될 것"""
2021-07-30,"원티드랩 공모가 3만5천원…""커리어계 넷플릭스 되겠다"""
2021-08-01,"""교과서도 넷플릭스처럼""...피어슨, 정기구독 서비스 출범"
2021-08-04,"온라인 소비 눈 뜬 5060…앱으로 배달 시키고, 넷플릭스 보고"
2021-08-04,"배달앱, 넷플릭스에 익숙해진 5060…온라인 결제 1년새 50%↑"
2021-08-04,"“우리도 배민시키고, 넷플릭스 본다” 온라인 소비 확 늘은 5060"
2021-08-04,"젊은층 못지않은 5060, '배민' 주문하고 '넷플릭스' 본다"
2021-08-04,"""월가, 넷플릭스 가치 잘못 판단...잠재력 높아"""
2021-08-04,넷플릭스가 택한 돌파구 이번에도 통할까
2021-08-10,넷플릭스 '한 달 무료' 후 나도 모르게 자동결제? 이제 일주일 전에 알려준다
2021-08-10,넷플릭스 안부러운 LG TV…유럽서 무료콘텐츠 대폭 확대
2021-08-10,"넷플릭스·유튜브 등 구독경제 사업자, 유료 전환 7일 전에는 알려야"
2021-08-10,"넷플릭스·멜론 무료서비스, 유료전환 7일전에 알려야"
2021-08-10,"'연결 DNA' 갖춘 LG유플러스, 넷플릭스 이어 스포티파이와 독점 제휴"
2021-08-10,"넷플릭스 등 구독경제 유료전환, 소비자에 7일전 고지해야"
2021-08-10,"유튜브·넷플릭스 등 구독경제 유료전환, 소비자에 7일 전 미리 알려야"
2021-08-10,"넷플릭스 등 구독경제, 소비자 보호 장치 강화된다."
2021-08-10,넷플릭스·멜론 해지 쉬워진다…나도 모르게 유료전환 'NO'
2021-08-10,"유튜브·넷플릭스 등 구독경제 유료 전환, 7일 전 고지해야"
2021-08-10,유튜브·넷플릭스 무료→유료 전환하려면 7일전 고객에 알려야
2021-08-10,"넷플릭스 등 구독경제, 무료→유료 전환하려면 7일 전 통보해야"
2021-08-10,유튜브·넷플릭스 유료 전환 1주일 전 안내…여전법 감독규정 변경
2021-08-10,"LG유플, 글로벌 공룡 올라탄다…넷플릭스 이어 스포티파이 맞손"
2021-08-12,"롯데카드, MZ세대 겨냥 이벤트 진행… ""무신사·넷플릭스 할인"""
2021-08-13,멀어진 '한국판 넷플릭스' 육성..음악 사용료 갈등 '팽팽'
2021-08-13,"쇼박스, 넷플릭스와 OTT 계약 소식에 10%대 강세"
2021-08-13,"[특징주] 쇼박스, 넷플릭스에 영화 공급계약…6%대 강세"
2021-08-13,"[특징주] 쇼박스, 넷플릭스와 OTT 계약체결 소식에 10%↑"
2021-08-13,"[특징주] 쇼박스, 넷플릭스와 영화 '야차' 방영 라이선스 계약에 급등"
2021-08-13,"“넷플릭스 딱 기다려” 디즈니+, 2분기에만 1200만명 모았다"
2021-08-14,[앤츠랩]티빙은 '한류 넷플릭스'가 될 수 있을까?
2021-08-15,"FAANG의 승자는 구글...""유튜브, 넷플릭스만큼 번다"""
2021-08-19,'넷플릭스·유튜브 게 섰거라'…방송사 꿈꾸는 TV제조사
2021-08-19,[애널리스트 칼럼] 글로벌 OTT 경쟁 심화에 넷플릭스 게임 사업 뛰어들었다
2021-08-19,"미 SEC, 한국계 넷플릭스 전 직원들 주식 내부자거래 적발"
2021-08-19,"'한국계 이름' 넷플릭스 전 직원들, 주식 내부자거래 덜미"
2021-08-19,"SEC, 넷플릭스 前직원 3명 고소…""내부정보 이용해 35억 챙겨"""
2021-08-24,넷플릭스보다 더 나은 스트리밍 주식 두 가지
2021-08-25,‘동의없이 개인정보 수집’ 페이스북·넷플릭스에 과징금 67억원
2021-08-25,"페이스북·넷플릭스, 이용자 동의 없이 개인정보 수집해 66억 과징금"
2021-08-25,넷플릭스 보면 적립·음식배달 시키면 할인…'집콕 카드' 골라쓰세요
2021-08-25,"얼굴인식 정보 동의 없이 수집한 페이스북에 66억 과징금…개인정보위, 넷플릭스·구..."
2021-08-25,"""유튜브·넷플릭스 강점 모았다""…네이버웹툰 1위 만든 '플랫폼 모델'"
2021-08-25,넷플릭스를 CGV하다? ‘승리호’ 등 7편 극장서 본다
2021-08-26,"[글로벌핫스톡] 넷플릭스, 하반기 오리지널 신작으로 반전 노린다"
2021-08-27,"[특징주] 제이콘텐트리, 넷플릭스 오리지널 작품 공개 본격화에 강세"
2021-08-27,"제이콘텐트리, 넷플릭스 오리지널 작품 공급 본격화-대신증권"
2021-08-30,넷플릭스 신작 'D.P.' 흥행…제이콘텐트리·키다리 '강세'
2021-08-30,"'홈트레이닝계의 넷플릭스' 펠로톤, 호실적 끝?"
2021-08-30,넷플릭스 드라마 'D.P.' 흥행 대박에 주가 급등한 회사
2021-08-30,[특징주] 넷플릭스 드라마 'D.P.' 인기에 제이콘텐트리 7% ↑
2021-08-30,[특징주] 넷플릭스 신작 'D.P' 공개…제이콘텐트리 등 강세
2021-08-30,"[특징주]제이콘텐트리·키다리스튜디오, 넷플릭스 ‘D.P.’ 인기에 강세"
2021-08-31,한국인이 가장 많이 보는 OTT는 '넷플릭스'…사용시간 1위는 '웨이브'
2021-08-31,"넷플릭스, 극장 개봉에 눈독"
2021-09-01,스튜디오미르 제작 애니 '더위쳐' 넷플릭스 2위 등극
2021-09-02,고용지표 부진 속 나스닥 또 최고...넷플릭스 2.2%↑ [출근전 꼭 글로벌 브리...
2021-09-03,넷플릭스 신작 'D.P.' 돌풍...미디어주 살 때 왔다?
2021-09-03,애플 인앱 예외 허용에 스포티파이·넷플릭스 주가 상승
2021-09-06,"[美친주] 넷플릭스, 애플 수혜주로 '폴짝'… ""하반기 대작 몰려온다"""
2021-09-06,“가성비 좋은 디지털 교육서비스로 교육의 넷플릭스 될 것”
2021-09-07,한국 벤처인이 만든 '공연계 넷플릭스' 日열도 휩쓸다
2021-09-07,"세븐일레븐, 넷플릭스 D.P. 제작사 법적 대응 검토… 이유는?"
2021-09-07,"악덕 점주?…세븐일레븐, 넷플릭스 드라마 'D.P.' 수정 요구(종합)"
2021-09-07,"세븐일레븐, 넷플릭스 드라마 ‘D.P.’에 수정 요구"
2021-09-07,"세븐일레븐, 넷플릭스 드라마 'D.P' 방송금지 가처분 검토"
2021-09-07,"악덕 편의점주 묘사…세븐일레븐, 넷플릭스 ‘D.P.’ 수정 요구"
2021-09-07,"악덕 점주?…세븐일레븐, 넷플릭스 드라마 'D.P.' 수정 요구"
2021-09-07,유통기한 지난 우유 팔아라?…넷플릭스 ‘D.P.’에 뿔난 세븐일레븐
2021-09-07,넷플릭스 드라마 'D.P.'에 뿔난 세븐일레븐…법적 대응 검토
2021-09-08,"'넷플릭스 대항마' 디즈니플러스, 11월 한국 상륙... OTT 시장 초긴장"
2021-09-08,디즈니+ 11월12일 상륙···넷플릭스 떨고 있니
2021-09-08,"스튜디오산타, 드라마 '마이 네임' 10월 15일 넷플릭스 공개"
2021-09-08,넷플릭스 대항마 '디즈니+' 11월 12일 출시…월 9900원
2021-09-08,"디즈니플러스 11월 국내 출시, 넷플릭스 따라잡을까?"
2021-09-08,"'넷플릭스 대항마' 디즈니플러스, 11월12일 출시 확정···월 구독료 9900원"
2021-09-10,넷플릭스 드라마 'D.P.' 대박에 주가 16% 뛴 기업
2021-09-12,"""10만원에 페이스북 아마존 애플 넷플릭스 구글 다 살 수 있다?"""
2021-09-13,"KB증권, 넷플릭스·멜론 할인해주는 ‘에이블 스타플러스 카드’ 출시"
2021-09-13,"넷플릭스·유튜브 할인…KB證, MZ세대 저격 '에이블 스타플러스 카드' 출시"
2021-09-13,"KB증권, 넷플릭스·유튜브 할인해주는 ‘에이블 스타플러스’ 체크카드 출시"
2021-09-13,'만화판 넷플릭스' 꿈꾸는 카카오 재팬...만화왕국 日서 1위 도전기 [도쿄리포트...
2021-09-16,"넷플릭스 D·P는 되고, 슬의생은 안되는 '콘텐츠 제값받기'"
2021-09-20,[Her?헐!] 잘 키운 '가상인간' 열 '연예인' 안 부럽다…넷플릭스까지 접수
2021-09-22,3대지수 상승 출발···넷플릭스 오름세가 심상찮다 [뉴욕증시 나우]
2021-09-22,'D.P.' '오징어게임' 넷플릭스 잡을까…한국 오는 '디즈니+'
2021-09-22,'오징어 게임' 일냈다…韓 드라마 최초 美 넷플릭스 1위
2021-09-22,"넷플릭스, 英 유명 작가 '로알드 달' 작품 판권 장기구매 추진"
2021-09-23,"""넷플릭스 8월 국내 결제액 753억원…역대 최대"""
2021-09-23,넷플릭스 ‘오징어 게임’ 인기에 관련주 동반 급등
2021-09-23,"‘D.P.’ 효과일까?···한국인들, 지난달에만 넷플릭스에 753억원 썼다"
2021-09-23,"[특징주] '오징어게임, 美넷플릭스 1위' 투자사 쇼박스 22% 급등"
2021-09-23,'오징어 게임' 美 넷플릭스 1위…급등한 관련주는?
2021-09-23,[특징주] 콘텐츠株 급등…넷플릭스 글로벌 1위 ‘오징어 게임’ 효과
2021-09-23,"[특징주]버킷스튜디오, 넷플릭스 1위 ‘오징어게임’ 관련주 부각에 ↑"
2021-09-23,넷플릭스 3%대 상승…'로알드 달' 인수로 콘텐츠 경쟁력 강화
2021-09-24,부활한 빅테크 (2) 넷플릭스…하반기 기대작 여럿
2021-09-24,넷플릭스 ‘오징어게임’ 전세계 흥행에 관련주 이틀째 강세
2021-09-25,"“1만 점주 피해” 넷플릭스, 세븐일레븐 항의에 D.P. 속 로고 수정"
2021-09-25,"넷플릭스, 세븐일레븐 항의에 'D.P.' 속 로고 지우기로"
2021-09-25,[단독] 넷플릭스 'D.P' 속 편의점 장면 수정한다
2021-09-26,'넷플릭스' 이어 '디즈니+' 손잡은 LGU+…IPTV 시장 지각변동 일으키나
2021-09-26,"세븐일레븐, 넷플릭스에 '판정승'"
2021-09-26,"넷플릭스 이어 디즈니 마법…2위 LG유플, 또다시 승부수"
2021-09-26,'D.P.'·'오징어게임'…넷플릭스 韓투자 연타석 홈런 비결은?
2021-09-26,넷플릭스 이어 디즈니플러스까지 품은 LGU+…'국내 독점계약'
2021-09-26,"[오징어게임 열풍]②넷플릭스, 5500억원 쏟자 'K-콘텐츠' 일냈다"
2021-09-26,[오징어게임 열풍]①韓 상륙 5년만에…'K-콘텐츠 블랙홀'된 넷플릭스
2021-09-27,넷플릭스 '백스피릿' 온라인 제작발표회
2021-09-27,넷플릭스 '백스피릿' 백종원
2021-09-27,"""악덕 점주로 묘사"" … 넷플릭스, 세븐일레븐 항의에 논란 장면 수정"
2021-09-28,"'K-콘텐츠'의 힘…넷플릭스 CEO ""《오징어 게임》 비영어권 가장 큰 작품"""
2021-09-28,[카드뉴스]넷플릭스 ‘오징어게임’ 흥행으로 수혜 본 종목은?
2021-09-28,"넷플릭스 CEO ""오징어 게임 역대 가장 큰 작품 될 수도"""
2021-09-28,"넷플릭스 CEO ""'오징어 게임' 넷플릭스서 가장 큰 작품 될 수도"""
2021-09-28,"넷플릭스 CEO ""'오징어 게임' 우리의 가장 큰 작품 될 수도"""
2021-09-28,오징어게임 승승장구...넷플릭스 누적 1위 아성에 도전
2021-09-29,"넷플릭스 ""킹덤땐 좀비 3000명, 가짜피 1t…韓영화 급성장"""
2021-09-29,"""단순 협업 넘어 함께 발전"" 덱스터 DI·라이브톤, 넷플릭스와 협력 강화"
2021-09-29,"넷플릭스 ""경제적 파급 효과 5조 6천억·1만 6천명 일자리 창출"""
2021-09-29,"넷플릭스 ""韓 진출 5년간 5.6조 경제효과 1.6만 고용효과 창출"""
2021-09-29,"'오징어 게임' 200억 투자…뽕 뽑은 넷플릭스, 얼마 벌었나"
2021-09-29,"구글·넷플릭스 등 해외CP, 트래픽 78.5% 유발"
2021-09-29,"넷플릭스, 美게임사 ‘나이트 스쿨’ 인수…게임 사업 본격화"
2021-09-29,"게임시장 진출 확대하는 넷플릭스, 개발업체 첫 인수"
2021-09-29,"[투자노트] 넷플릭스 오징어 게임이 끝 아니다, 드라마 제작사 주가 기대되는 이유"
2021-09-30,"“망 이용료 내라” SK브로드밴드, 넷플릭스와 2차전"
2021-09-30,'안경계 넷플릭스' 와비파커 첫날 폭등
2021-09-30,"‘오징어게임’ 재미 본 넷플릭스씨 망사용료 좀 내시오...SKB, 반소 제기"
2021-09-30,"“망 사용료 1000억 내놔라” SK브로드밴드, 넷플릭스에 맞소송"
2021-09-30,"SKB, 넷플릭스에 부당이득반환 청구 반소 제기"
2021-09-30,SK브로드밴드 “넷플릭스로 트래픽 24배 폭증… 망 사용료 내라”
2021-09-30,"SKB ""넷플릭스, 1심판결 불구 협상거부""…반소제기"
2021-09-30,"SKB ""망 사용료 왜 안내냐""…넷플릭스에 반소 제기"
2021-09-30,"""망 사용료 내라""…SK브로드밴드, 넷플릭스 항소에 '맞불'"
2021-09-30,"한국이 봉이냐…오징어게임 대박 넷플릭스 천억 내라, SK브로드밴드 결국 소송"
2021-09-30,"SK브로드밴드, 넷플릭스에 부당이득반환청구 소송"
2021-09-30,'오징어게임' 등장 시킨 넷플릭스 빅픽처는
2021-10-01,"(영상)'오징어게임' 대박난 넷플릭스..망사용료는 ""안 낼래"""
2021-10-01,[생생경제] 넷플릭스 망 사용료..수익 논리가 아닌 넷플릭스에 '책임감' 부여하는...
2021-10-01,넷플릭스 주가도 끌어올린 '오징어게임'···국내 콘텐츠株도 강세
2021-10-01,오징어게임 인기에…넷플릭스 주가 사상 최고
2021-10-01,넷플릭스 '오징어 게임'에 '디즈니+'상륙까지…진땀 빼는 국내 OTT [뭘스트리트...
2021-10-01,‘오징어 게임’ 덕 주가 최고치 찍었는데···넷플릭스 ‘망 이용료 먹튀’ 논란에 ...
2021-10-01,'오징어 게임' 효과···넷플릭스 주가 사상 최고
2021-10-01,"""넷플릭스·배달앱 최대 20% 할인""…이런 카드가 잘 팔렸다"
2021-10-01,"""쌩큐 오징어게임"" 이유 있었네…200억 투자 넷플릭스, 시가총액 얼마 늘었나봤더..."
2021-10-01,[영상] '오징어게임'에 대박 난 넷플릭스…주가 사상 최고치
2021-10-01,제2의 오징어게임은?…차기 넷플릭스 신작 제작사로 몰리는 시선 [株포트라이트]
2021-10-01,"딜라이브, 넷플릭스·유튜브·왓차 이어 웨이브 탑재"
2021-10-01,"[특징주] 덱스터, '넷플릭스' 수혜주로 부각…20%대 상승"
2021-10-01,'오징어 게임' 1위? '갯마을 차차차' 넷플릭스 TV쇼 9위 랭크
2021-10-01,[특징주] 덱스터 '오징어게임' 전 세계 흥행 열풍… 넷플릭스 협력 부각
2021-10-01,"오징어게임 덕, 넷플릭스 '사상최고가'…쇼박스·버킷스튜디오 또 급등"
2021-10-01,"'오징어 게임' 효과, 넷플릭스 주가 사상최고치"
2021-10-01,"[특징주] 쇼박스, '오징어게임' 흥행 넷플릭스 장중 사상 최고가… 10억원 투자..."
2021-10-02,"'오징어게임' 업은 넷플릭스…증권가 ""주가 오를 호재 많다"""
2021-10-02,"""유튜브·넷플릭스 할인""… 올 3분기 최고 인기 카드는?"
2021-10-02,'오징어 게임' 대박에도…망 이용료는 안 내겠다는 넷플릭스
2021-10-03,넷플릭스는 콘텐츠 업계의 '애플'이 될 수 있을까
2021-10-03,[외신이 본 한국]‘오징어 게임’은 한국·넷플릭스의 윈윈 게임
2021-10-03,"오징어 게임 전세계 8200만 시청, 넷플릭스 경영진도 놀라"
2021-10-04,"세계가 본 '오징어 게임'… 넷플릭스, 3분기 실적 기대된다"
2021-10-04,"오징어게임, 넷플릭스 서비스 국가 83국서 모두 '1위'"
2021-10-04,'오징어게임 대박' 넷플릭스의 명과 암
2021-10-04,"“오징어 게임, 넷플릭스 최고 흥행작 될 수도”"
2021-10-05,K-콘텐츠로 잇따라 대박난 넷플릭스…수익배분 문제 국감서 도마
2021-10-05,국정감사 답변하는 넷플릭스서비시스 코리아 연주환 팀장
2021-10-05,"'6시간 먹통' 페이스북…정부, 넷플릭스법 적용한다"
2021-10-05,[기자수첩]오징어게임에 가려진 넷플릭스 속내
2021-10-05,"[2021 과방위 국정감사] ""넷플릭스, 꼼수로 세금 회피…1년 세금 고작 27억..."
2021-10-05,"""넷플릭스, 한국매출 77% 본사 수수료로 넘겨 세금회피"""
2021-10-05,국감철되니 '공짜망' 논란 또 시끌…넷플릭스 '5.6조 여론전' 나서
2021-10-06,"""쌩큐 오징어게임"" 급락 장에서 넷플릭스 주가 신났다"
2021-10-06,외국어 학습 앱 듀오링고 “우리 경쟁자는 넷플릭스”
2021-10-06,"美 증시, 반발 매수·기술주 반등에 상승…넷플릭스 5%대↑"
2021-10-06,"""증시 좋아질 것"" 대형기술주 강세...넷플릭스 5%↑[뉴욕마감]"
2021-10-06,오징어 게임 효과‥넷플릭스 5%↑'사상 최고'‥NY증시 반등 성공
2021-10-07,"[특징주] 덱스터, '오징어게임' 출연진 지미 팰런쇼 출연 예고… 넷플릭스 협력관..."
2021-10-08,아마존 스퀘어 넷플릭스 웰스파고…크레딧스위스가 꼽은 10월 美 매수 추천주
2021-10-08,"넷플릭스, '오징어게임' 굿즈 판매 수익도 제작사 공유無"
2021-10-08,"JP모건 ""넷플릭스·페이스북 사라…구독자 늘고·저가매수기회”"
2021-10-08,망무임승차에 세금회피 의혹까지…넷플릭스 잇단 구설수
2021-10-08,[Market Data] 쾅 충격받은 FAANG 주가 그나마… 넷플릭스만 선방
2021-10-09,넷플릭스·구글 우리나라에 세금 더 낸다…2023년 디지털세 도입
2021-10-10,오징어게임 대박 넷플릭스…한국서 버는만큼 과세
2021-10-10,오징어 게임 열풍에 넷플릭스 주가 '나홀로 상승'…시총 24조↑
2021-10-11,"넷플릭스 속 국내 편의점 주목 ""오징어게임 깐부 재회 CU, D.P.(디피) 논란..."
2021-10-11,"구글·애플·넷플릭스, 한국에서 '디지털세' 내야"
2021-10-12,넷플릭스도 장애인 방송 의무화
2021-10-12,"서학개미, 넷플릭스 ‘오징어게임’ 효과 못 누리나"
2021-10-12,"넷플릭스, 월마트에서 '오징어 게임' 티셔츠 판매한다"
2021-10-12,글로벌 OTT 1위 넷플릭스-기대작 줄줄이 출격…게임·팟캐 신사업 기대
2021-10-12,"이번엔…술이 들어간다, 넷플릭스로"
2021-10-12,"넷플릭스, '오징어 게임' 티셔츠 판매…새 수익원 발굴"
2021-10-12,"넷플릭스, 월마트와 손잡고 오징어게임 티셔츠 판다"
2021-10-12,‘오징어게임 흥행’에 넷플릭스 목표주가 740달러로 상향
2021-10-12,"넷플릭스, 월마트와 손잡고 '오징어 게임' 티셔츠 판매"
2021-10-13,[그래픽] '오징어게임' 넷플릭스 역대 최단기간 최다시청 기록
2021-10-13,"장윤석 티몬 대표 ""애플·넷플릭스 본받겠다""…내년 상장 목표"
2021-10-13,"넷플릭스 ""오징어게임, 전세계 1억1100만 가구 봤다…94개국서 1위"""
2021-10-13,"""오징어 게임 체육복 나온다""…무신사·넷플릭스 '초록색 체육복' 출시"
2021-10-13,"""'오징어게임' 명백한 성공""…CS, 넷플릭스 목표주가 '상향' 조정"
2021-10-14,넷플릭스 위협하는 디즈니플러스...디즈니판 '오징어게임' 만들까
2021-10-14,"디즈니 ""선량함이 철학""…넷플릭스 무임승차와 차별화"
2021-10-14,[시나쿨파] 재주는 한국이 넘고 돈은 넷플릭스가 번다고?
2021-10-14,"[최강시사] 김기식 “오징어게임 흥행, 넷플릭스가 돈 다 가져가면서 세금도 안내…..."
2021-10-14,"'넷플릭스·디즈니+'와 결전…티빙, 1500억원 자금수혈"
2021-10-14,"'한국판 넷플릭스' 티빙 활약에···CJ ENM, 이달만 15% 뛰었다"
2021-10-15,넷플릭스 천하에 디즈니까지 상륙…IPTV도 OTT도 '초긴장'
2021-10-15,"스튜디오산타, 15일 전 세계 190여개국에 넷플릭스 '마이네임' 공개"
2021-10-15,"[애널리스트 칼럼] '오징어 게임' 열풍, 우승자는 넷플릭스인가 제작사인가"
2021-10-15,"""제이콘텐트리, 넷플릭스 라인업·디즈니플러스 개시에 훈풍 전망"""
2021-10-15,"“인기작 1회 제작비 들였는데”....넷플릭스, ‘오징어게임’ 254억 투자하고 ..."
2021-10-15,"넷플릭스, '오징어게임' 가성비 최고…254억원 투자해 대박"
2021-10-16,"넷플릭스, 파업 주도한 흑인 직원 해고…“제작비 등 기밀 유출”"
2021-10-17,‘250억 들여 1조 벌었다’ 오징어게임으로 넷플릭스 40배 '잭팟'
2021-10-17,"뉴욕증시, 넷플릭스·테슬라·인텔 등 줄줄이 실적 발표"
2021-10-17,넷플릭스 '오징어게임'으로 1조원 잭팟
2021-10-17,"블룸버그 “넷플릭스,오징어게임 가치 1조원 수준 평가”"
2021-10-17,"넷플릭스, 오징어게임에 253억원 투자해 1조 수익"
2021-10-17,英 이코노미스트誌 “넷플릭스에서 오징어게임·종이의집 등 비영어 콘텐츠 흥행”
2021-10-17,“넷플릭스 오징어게임에 253억원 투자해 1조 벌어”(상보)
2021-10-17,블룸버그 “넷플릭스 오징어게임에 253억 투자해 1조 벌어”
2021-10-17,"""245억 투자해 1조 벌었다""...'오겜' 대박난 넷플릭스"
2021-10-17,"넷플릭스, 오징어게임 제작비 245억원 유출한 직원 해고"
2021-10-18,"넷플릭스 영화도 극장서 본다…CGV, '돈룩업' 등 6편 상영"
2021-10-18,"스튜디오산타클로스 ""'마이 네임' 넷플릭스 전 세계 4위 안착"""
2021-10-18,"[종합]CJ·네이버 업은 OTT 티빙, '라인' 손잡고 해외간다…넷플릭스 맞짱"
2021-10-18,[헤럴드광장] 넷플릭스의 수익을 보는 올바른 관점
2021-10-18,오징어게임 대박에…넷플릭스-통신사 망사용료 갈등 재점화
2021-10-18,“K드라마 재평가받나”… 넷플릭스 TV쇼 4위 ‘마이네임’ 제작사 상한가
2021-10-18,"[특징주]스튜디오산타클로스, '마이네임' 넷플릭스 4위 소식에 급등세"
2021-10-18,"무신사, 넷플릭스 시리즈 '오징어 게임' 정호연 브랜드 모델로 발탁"
2021-10-18,"[특징주] 스튜디오산타클로스, '마이네임' 전 세계 넷플릭스 TV 4위… 제작사 ..."
2021-10-18,"넷플릭스, 오징어게임 가치 1조원 이상 평가"
2021-10-18,[신기림의 월가프리뷰]오징어게임 흥행대박에 넷플릭스 실적 주목
2021-10-19,"'오징어 게임'으로 대박 난 넷플릭스, 무임승차 논란 확산"
2021-10-19,넷플릭스 ‘망 사용료 부과’ 법제화 속도 낸다
2021-10-19,"'오징어게임'엔 디즈니도 안되나봐…월가 ""넷플릭스 사라"""
2021-10-19,스트리밍 대격돌…‘디즈니 vs 넷플릭스’ 월가의 선택은
2021-10-19,넷플릭스 '망 무임승차' 견제할 법제화 속도 붙는다
2021-10-19,"'오겜' 성공에 넷플릭스 해외투자 부각…""점유율 반등 전망"""
2021-10-19,“한국인 넷플릭스·틱톡 사용시간 1년새 60% 이상 급증”
2021-10-19,"""한국인 넷플릭스·틱톡 사용시간 1년새 60% 이상 급증"""
2021-10-19,"월가 ""스트리밍 산업, 넷플릭스 vs 디즈니+ 재편"""
2021-10-19,"""이번엔 한소희네""…개미들은 미워할 수 없는 '넷플릭스'"
2021-10-19,[투자노트] 넷플릭스 공개 스케줄이 중요한 이유
2021-10-20,"초록 체육복 입고 실적 발표한 넷플릭스 CEO ""'오겜'이 콘텐츠 엔진"""
2021-10-20,"디즈니+ 상륙, 넷플릭스 호실적, 리오프닝…겹호재에 콘텐츠·엔터株 동반 강세"
2021-10-20,'오겜'이 얼마나 고마웠으면...넷플릭스 CEO 추리닝 입고 실적발표
2021-10-20,"[카드뉴스] 3분기 가입자 438만 명 증가...훨훨 나는 '넷플릭스', 반면 '..."
2021-10-20,'오겜' 흥행에 넷플릭스 3분기 훨훨…녹색 체육복 입은 CEO(종합)
2021-10-20,오징어게임 '대박'에 넷플릭스 '훨훨'…3분기만 신규가입 440만명
2021-10-20,"넷플릭스 CEO, '오겜' 체육복 입고 실적 발표…""콘텐츠 엔진"""
2021-10-20,"임혜숙 과기장관 ""넷플릭스 '무임승차' 관심 갖겠다…법개정 협조"""
2021-10-20,"넷플릭스 덕분에…미디어株 체급 올렸다, 위드코로나 시대엔 더?"
2021-10-20,[특징주]넷플릭스 ‘오징어게임’ 성공에 가입자 급증…버킷스튜디오 ‘강세’
2021-10-20,'오징어 게임' 녹색 운동복 입고 실적 발표…넷플릭스 신났다 [실리콘밸리 나우]
2021-10-20,"[특징주] 덱스터, 넷플릭스 '오징어게임' 성공에 유료 가입자 급증… 협력 관계 ..."
2021-10-20,'오징어게임 약발 안통했나' 넷플릭스 북미서 신규가입 고작…
2021-10-20,오징어 게임 '대박'에 넷플릭스 가입자도 늘었다… 3분기에만 438만명↑
2021-10-20,"넷플릭스, '오징어게임' 덕분에 3분기 신규 고객 급증"
2021-10-20,디즈니에 쫓기던 넷플릭스…‘오징어게임’ 덕에 기사회생
2021-10-20,"넷플릭스 또 상향, 1억4200만 가구가 오징어게임 시청(상보)"
2021-10-20,"""넷플릭스, 오징어게임으로 한숨 돌렸지만 곧 한계 봉착"""
2021-10-20,"넷플릭스, '오징어 게임' 효과 얼마나 봤나 [글로벌마켓 A/S]"
2021-10-21,"[국감 2021] 넷플릭스 망 무임승차 논란..이해진 ""역차별 해소해야"""
2021-10-21,"NH증권, '넷플릭스 기초자산' 등 공모ELS 9종 모집"
2021-10-21,‘잘 나가는’ 넷플릭스 직원들이 파업한 이유
2021-10-21,"김범수 ""넷플릭스의 선계약, 플랫폼보다 나쁜 구조"""
2021-10-21,"이해진·김범수, 넷플릭스 '저격'…""쓴 만큼 망사용료 내야"""
2021-10-21,"오징어게임 수익 구조? 김범수 ""넷플릭스보다 플랫폼"""
2021-10-21,"카카오 김범수 ""넷플릭스 선계약 후공급 구조, 플랫폼 구조보다 나빠"""
2021-10-21,"넷플릭스 '무임승차' 논란에…이해진·김범수 ""공정한 환경 돼야"""
2021-10-21,"이해진 네이버 GIO ""구글·넷플릭스도 망 사용료 내야 공정경쟁"""
2021-10-21,"[특징주] 에스엘바이오닉스, 넷플릭스 '마이 네임' 전세계 시청률 3위에 강세"
2021-10-21,"현대차, 넷플릭스·아우디·포르쉐 제쳤다…글로벌 브랜드 '35위' 달성"
2021-10-21,"넷플릭스, 10년 전에만 투자했어도"
2021-10-22,"글로벌 OTT 1위 넷플릭스, ‘오징어 게임’으로 돈방석…게임•팟캐 신사업도 기대..."
2021-10-22,"무신사, 넷플릭스 D.P. 구교환 '엠버서더' 발탁"
2021-10-22,"무신사, 넷플릭스 'D.P.' 배우 구교환 FW 앰버서더로 선정"
2021-10-23,"[주목!e해외주식]넷플릭스, 콘텐츠 경쟁력 확보에 ‘쑥’"
2021-10-23,대통령도 언급 넷플릭스 '무임승차'…'세금 회피' 논란까지
2021-10-24,"""넷플릭스, 콘텐츠 경쟁력 강화로 높아진 성장 기대감"""
2021-10-24,게임사업까지 진출하는 넷플릭스 왜?
2021-10-24,‘통신망 무임승차’ ‘세금 회피’ 의혹 도마 위에 오른 넷플릭스
2021-10-25,넷플릭스는 되는데 쿠팡·쓱닷컴은 안되고…복잡한 캐시백사업
2021-10-25,넷플릭스 이어 애플·디즈니 몰려오는 ‘오징어게임’의 나라
2021-10-25,"에이스토리, 넷플릭스에 ‘이상한 변호사 우영우’ 방영권 판매 [주목 e공시]"
2021-10-25,"아머드 사우루스, 넷플릭스 공개···""국내 우선, 해외 스트리밍 논의"""
2021-10-25,'오징어 다음엔 공룡'…키덜트 애니 '아머드 사우루스' 넷플릭스 뜬다
2021-10-25,'음악 저작권료 미납' 국내 OTT 고소당해…넷플릭스는 지불
2021-10-25,'오겜 특수' 누리는 넷플릭스 '망 사용료 부과 논란' 갈수록 커져
2021-10-25,[시나쿨파]넷플릭스 같은 플랫폼 없으면 드라마 하청국될 수밖에
2021-10-26,"[클릭! 해외증시 이 종목] 넷플릭스, 새 제작사 인수…후속작 기대"
2021-10-26,'오징어게임·D.P로 대박난 넷플릭스…9월 국내 OTT 점유율 50% 육박
2021-10-26,오징어게임 덕분에 넷플릭스 채권 정크등급에서 벗어나
2021-10-28,넷플릭스 등 정기결제 유료 전환시 7일 전에 고지해야
2021-10-28,"넷플릭스·멜론 이용료, 중도 해지하면 쓴 만큼만 낸다"
2021-10-28,"넷플릭스, 유료전환 7일 전 알려야…""포인트 환불 금지"""
2021-10-28,"""넷플릭스 나도 모르게 유료결제"" 막는다…1주일 전 알려야"
2021-10-28,넷플릭스 등 구독경제 유료 전환하려면 7일 전 고지해야
2021-10-28,"[특징주] 제이콘텐트리, 넷플릭스 '지옥' 개봉 기대감에 강세"
2021-11-02,"넷플릭스 부사장, 정부·국회 찾는다"
2021-11-02,"'망 무임승차' 논란에 넷플릭스 부사장 방한, 정부·국회에 입장 전달"
2021-11-02,오징어 게임과 망 사용료…넷플릭스는 이정재처럼 끝까지 버틸까
2021-11-02,딘 가필드 넷플릭스 부사장 방한…방통위·과기부·문체부·국회 만난다
2021-11-03,"넷플릭스 부사장 ""오징어게임 제작사와 추가 보상안 논의중"""
2021-11-03,"‘오징어’로 대박난 넷플릭스, 망 사용료 안내고 버티기?"
2021-11-03,"'망 사용료 논란' 넷플릭스 부사장, 한국 정부·국회 발걸음했지만..."
2021-11-03,"넷플릭스 부사장, ""오징어게임 제작사에 보상 더할 수도 있다"""
2021-11-03,"넷플릭스 부사장 ""오징어 게임 추가 보상안 논의 중"""
2021-11-03,"[사설]'빈손' 넷플릭스, 국회가 나서야"
2021-11-03,"국회 방문한 넷플릭스 부사장 ""오징어게임 제작사와 추가 보상안 논의중"""
2021-11-03,"넷플릭스 부사장 ""오징어게임 제작사에 추가 보상안 논의 중"""
2021-11-03,‘오징어게임’도 게임으로 나올까…넷플릭스 첫 모바일 게임 출시
2021-11-03,"'공짜망' 韓 대통령까지 나서자 놀란 넷플릭스, 한국까지 찾았지만…"
2021-11-03,넷플릭스 가딘 가필드 공공정책 부사장과 대화하는 이원욱 과방위원장
2021-11-03,'망사용료'에 대한 넷플릭스 입장은?
2021-11-03,넷플릭스 부사장 방한…정부·국회 등 잇따라 면담
2021-11-03,"넷플릭스, 정부·국회 방문 이어 미디어 토크까지…'망 무임승차' 논란 해소될까"
2021-11-03,넷플릭스 사업 영토 확장 첫발…모바일 게임 5종 내놨다
2021-11-03,넷플릭스는 ‘적당한’ 성과 낸 직원 ‘두둑한’ 퇴직금 주고 해고
2021-11-03,"방통위, 넷플릭스 부사장에 ""통신망 환경에 책임감 보여달라"""
2021-11-03,"넷플릭스, 첫 모바일 게임 서비스 개시…안드로이드 대상"
2021-11-04,넷플릭스 부사장 “文 대통령에 공감”…망 사용료 지불은 확답 안해
2021-11-04,한국에 친밀감 드러낸 넷플릭스…망 사용료 입장은 '요지부동'
2021-11-04,"SKB ""넷플릭스 망 무임승차 당위성만 고수…진정성 의문"""
2021-11-04,방한한 넷플릭스 부사장 '망사용료 못낸다' 되풀이
2021-11-04,“넷플릭스와 ‘사랑의 불시착’ 美리메이크 기획”-CJ ENM 컨콜
2021-11-04,"SKB ""넷플릭스 협상 의지 의문…무임승차 당위성만 주장해"""
2021-11-04,"""여심은 천심""…락앤락, 넷플릭스 인기 배우 '공준' 통해 2030 여성 공략"
2021-11-04,"'깐부' 외치며 만나자더니…넷플릭스, 망사용료 갈등 SKB만 '패싱'"
2021-11-04,"망사용료 내는 애플TV+·디즈니+ 한국 런칭, 버티는 넷플릭스 입지 좁아질까"
2021-11-04,"넷플릭스 부사장, 망 사용료 논란에 기술지원 피력…기존 입장 고수"
2021-11-04,넷플릭스 조급함 드러낸 간담회···‘깐부’로 훈훈했지만 ‘망 사용료’에 무거웠다
2021-11-04,"SKB ""넷플릭스 협상 의지 진정성 의문"""
2021-11-04,SKB “넷플릭스 협상 의지 반기지만 진정성 의문”
2021-11-04,넷플릭스 “망사용료 논란 알아…오픈커넥트로 윈윈 노력”
2021-11-04,[포토] 기자간담회 연 딘 가필드 넷플릭스 부사장
2021-11-04,[포토] 취재진 질문에 답하는 딘 가필드 넷플릭스 부사장
2021-11-04,"넷플릭스 ""망사용료 논란 알아‥오픈커넥트로 윈윈 노력"""
2021-11-04,[포토] 기자간담회 나선 딘 가필드 넷플릭스 부사장
2021-11-05,애플·디즈니 출격에 넷플릭스 긴장…OTT 전쟁 불붙었다
2021-11-05,망사용료 내는 애플·디즈니 상륙… 머쓱해진 넷플릭스
2021-11-05,한국을 ‘깐부’라면서…넷플릭스 “韓서도 망사용료 못내”
2021-11-07,"[TF비즈토크<하>] ""韓서 돈 벌지만 깐부 안 할래"" 넷플릭스, 초록 추리닝 '..."
2021-11-08,'독점' 없이도 넷플릭스·디즈니+ 본다···IPTV '개방형 셋톱박스' 속속 도입
2021-11-08,실적 부진의 늪에 빠진 롯데쇼핑…‘이커머스판 넷플릭스’ 꿈꾼 롯데온 등 누적 적자...
2021-11-08,"넷플릭스 동심 잡은 애니매이션...""내년에 상장 추진"""
2021-11-09,넷플릭스도 ‘15초 동영상’ 합류··· “동심 겨냥”
2021-11-09,라이엇게임즈 애니메이션 '아케인'…'오징어게임' 밀어내고 넷플릭스 1위
2021-11-10,"대원미디어, 12일 '아머드 사우루스' 넷플릭스 방영"
2021-11-10,"대원미디어, '아머드 사우루스' 12일 넷플릭스 공개"
2021-11-10,"대원미디어, '아머드 사우루스' 오는 12일 넷플릭스 방영"
2021-11-10,"넷플릭스, 아동용 숏폼 '키즈 클립스' 출시한다"
2021-11-11,"'넷플릭스 성공 경험' LGU+, 월 2만원대 'IPTV·디즈니+'"
2021-11-11,"LGU+의 강수···""디즈니+, 넷플릭스보다 싸게"""
2021-11-11,넷플릭스 '오징어게임' 신드롬에 블랙푸드 인기
2021-11-11,"국내 출시 앞둔 디즈니+, 가입자 넷플릭스 절반도 안돼"
2021-11-11,"넷플릭스와 경쟁 디즈니+, 가입자 증가폭 저조"
2021-11-11,넷플릭스 “차세대 성장동력은 게임” 영역 확장
2021-11-12,"넷플릭스, 디즈니 시총 턱밑 추격 도"
2021-11-12,"추격하는 넷플릭스, 추락하는 디즈니…'대장주 오징어게임' 승자는?"
2021-11-12,넷플릭스·애플 이어 디즈니도 상륙…‘OTT 격전지’된 韓
2021-11-12,"“넷플릭스, 전 세계 어디서도 망 사용료 내고 있지 않다?”"
2021-11-12,넷플릭스·디즈니플러스 구독료 걱정 끝…최대 78% 할인
2021-11-12,"[특징주] 덱스터, 넷플릭스 '지옥' 다음주 개봉에 강세"
2021-11-12,"넷플릭스, 애플TV+ 등 구독료 다낸다고?…""구독도 스마트하게"""
2021-11-15,"[특징주] 대원미디어, '아머드 사우루스' 넷플릭스 키즈부문 1위에↑"
2021-11-15,"[특징주] 덱스터, 넷플릭스 드라마 '지옥' 2차 메인 포스터 공개에 강세"
2021-11-15,"[특징주]대원미디어, '아머드 사우르스' 넷플릭스 키즈 1위에 '급등'"
2021-11-15,대원미디어 '아머드 사우루스' 넷플릭스 첫 방송 후 '키즈 1위'
2021-11-15,우리집은 '넷플릭스 시네마'…가구·가전도 'OTT 최적화'
2021-11-16,"이성열 SAP코리아 대표 ""中企 해외진출 돕는 B2B의 넷플릭스 될 것"""
2021-11-17,"오징어게임, 첫 4주 16억시간 시청…넷플릭스 히트작 1위"
2021-11-18,"넷플릭스, 최대 17% 기습 가격인상...인상폭 美보다 크고 日과 같은 수준"
2021-11-18,본색 드러낸 넷플릭스…결국 요금인상
2021-11-18,애플·디즈니 국내 상륙하자 넷플릭스 인상…프리미엄 1만 4500원→1만 7000원
2021-11-18,"넷플릭스, 국내 진출 5년만에 처음으로 요금 인상"
2021-11-18,"넷플릭스, 5년 만에 요금 인상…프리미엄 1만 4,500원→1만 7,000원"
2021-11-18,"[특징주] 제이콘텐트리, 넷플릭스·디즈니+ 협업 소식에 강세"
2021-11-18,"넷플릭스, 한국 요금 인상...프리미엄 14,500원→17,000원"
2021-11-18,"[특징주] 제이콘텐트리, 지옥 넷플릭스 공개 임박에 신고가"
2021-11-18,"넷플릭스 구독료 올렸다···프리미엄 1만4,500원→1만7,000원"
2021-11-18,"넷플릭스, 한국 요금 인상…프리미엄 1만4천500원→1만7천원"
2021-11-18,"넷플릭스, 韓진출 5년 만에 요금 10%↑…최대 월 1만 7000원"
2021-11-18,"넷플릭스, 첫 가격인상…프리미엄 1만4500원→1만7000원"
2021-11-18,‘넷플릭스’ 구독료 전격 인상…최대 17%
2021-11-18,"넷플릭스, 5년 만에 한국 요금 인상···오늘부터 '월 최대 1만7000원'"
2021-11-19,"네이버웹툰 '지옥', 넷플릭스 시리즈로 190개국에 공개"
2021-11-19,넷플릭스 등 해외 OTT 대상 ‘망이용료 계약회피 방지법’ 발의
2021-11-19,넷플릭스 ‘망 사용료’ 논란 법으로 막는다
2021-11-19,"""내년 증시, 넷플릭스보다 많은 웹툰 가입자수에 주목"""
2021-11-19,"'국내 망 이용료 계약 회피 방지법' 발의…""넷플릭스 외면 못할 것"""
2021-11-19,"네이버웹툰 '지옥', 넷플릭스 시리즈로 19일 글로벌 공개"
2021-11-19,"네이버웹툰 '지옥', 넷플릭스 시리즈로 190여 개국에 공개"
2021-11-19,디즈니+ 재미없나?…넷플릭스 질주에도 연저점[인더머니]
2021-11-21,'지옥' 하루 만에 넷플릭스 1위…'오징어게임'보다 빠르다 [K콘텐츠 다시 세계 ...
2021-11-21,"넷플릭스 공개 하루만에 전세계 평정한 '지옥', 수혜주는?"
2021-11-21,'오징어게임' 대박에…주춤하던 넷플릭스 국내 이용자 천만명 육박
2021-11-21,‘오징어게임’ 효과에…넷플릭스 한국 월이용자 1천만 육박
2021-11-21,"'지옥', '오징어게임' 이어 넷플릭스 TV쇼 1위"
2021-11-21,"넷플릭스 '지옥', 24시간 만에 전세계 1위…관련주 오를까"
2021-11-22,넷플릭스 1위 소식에도 ‘지옥’ 관련주 희비 갈려
2021-11-22,천당과 지옥 오간 넷플릭스 수혜주… 제이콘텐트리 7% 급락
2021-11-22,넷플릭스 순위 따라 콘텐츠株 출렁
2021-11-22,"""엔비디아·GM·스퀘어·윅스·넷플릭스, 장기적 수익 기대"""
2021-11-22,"넷플릭스 ‘지옥’ 인기···김현주 업은 아이오케이, 나홀로 급등"
2021-11-22,드라마 ‘지옥’ 넷플릭스 1위에 제이콘텐트리 강세… 제 2의 ‘오징어게임’ 되나
2021-11-22,"[특징주] 스튜디오산타클로스, '지옥' 넷플릭스 세계 1위 소식에 강세"
2021-11-22,'슬기로운' 넷플릭스 구독 생활
2021-11-22,[특징주]'지옥' 넷플릭스 1위에 김현주 소속사 아이오케이 급등
2021-11-22,지옥 '넷플릭스 1위' 등극에 관련주 강세
2021-11-22,[특징주] '지옥' 넷플릭스 1위에 제이콘텐트리 등 콘텐츠주 강세
2021-11-22,넷플릭스 1위 '지옥' 효과..관련주 일제히 급등
2021-11-22,"[특징주] 덱스터, '지옥' 넷플릭스 1위 소식에 급등"
2021-11-22,넷플릭스 ‘지옥’ 세계 1위 소식에 제이콘텐트리 '급등'
2021-11-22,"[특징주] 덱스터, '지옥' 넷플릭스 드라마 사상 하루만에 전세계 드라마 1위에 ..."
2021-11-23,"'망 사용료' 여론전 나선 넷플릭스…토마 볼머 ""망사용료 못 낸다"""
2021-11-23,"넷플릭스, ‘왕자의 게임’ ‘기묘한 이야기’ 특수효과 업체 인수"
2021-11-23,[더오래]넷플릭스 구독료 아끼려고 친구와 공유하면 불법일까
2021-11-23,"넷플릭스, '왕좌의 게임' 특수효과 기업 인수"
2021-11-23,넷플릭스 '지옥' 인기에 들썩이는 K콘텐츠株
2021-11-23,넷플릭스 '왕좌의 게임' 특수효과 회사 인수
2021-11-23,천국행인줄 알았는데… 넷플릭스 '지옥' 열풍에도 주가는 롤러코스터
2021-11-24,넷플릭스에 도전장 내민 디즈니·애플…홈 시네마 춘추전국시대
2021-11-25,"이원욱, 넷플릭스·디즈니+ 등 '망사용료 지급' 법제화 추진"
2021-11-25,넷플릭스 등 OTT 앱 인기몰이 계속…네이버TV 등 방송앱은 인기 잃어
2021-11-25,"넷플릭스 ""해외서도 망 사용료 지급 안해…한국만 예외 불가"""
2021-11-25,평행선 달린 망 사용료 논쟁···넷플릭스 “한국서 망 사용료 못 내” 입장 되풀이
2021-11-25,"""지하철서 넷플릭스 볼 때 답답했는데""…지하철 와이파이 내년부터 10배 빨라진다"
2021-11-25,넷플릭스의 무리수 '망사용료 강제시 요금 더 올린다'
2021-11-25,SNS 팔로어 10만명… 넷플릭스 단역…비대면의 장벽 허문 ‘사람 아닌 사람’
2021-11-26,대단한 K-콘텐츠…일본 넷플릭스 순위 톱10 중 8개 휩쓸어
2021-11-26,막무가내 넷플릭스…K-콘텐츠로 배불리고도 “망 사용료 못 내”
2021-11-26,넷플릭스 대항마? ‘디즈니+’ 국내 이용자수 얼마 줄었나
2021-11-26,"‘지옥 공개’ 넷플릭스는 ↑, ‘개점 효과’ 디즈니+는 ↓"
2021-11-26,"[해시태그로 읽는 시사이슈] 韓은 깐부라던 넷플릭스, 5년만에 기습 요금 인상…망..."
2021-11-28,[뉴스잇(IT)쥬] 카카오 새 대표에 류영준…넷플릭스 휩쓰는 'K-콘텐츠'
2021-11-28,"“코로나19에 넷플릭스까지”…CJ CGV, 떨어진 신용도 회복 가능할까"
2021-11-29,‘넷플릭스법’ 시행 1년…정작 넷플릭스는 법 적용 한 건도 없고 국내업체만 집중 ...
2021-11-30,“여자 셋이 술 마셨더니” 넷플릭스 천하에서 이런일이
2021-12-01,"""넷플릭스 단짝은 단짠과자""…스낵시장 성장"
2021-12-01,"네파 키즈, 넷플릭스 애니메이션 '브레드이발소'와 협업"
2021-12-02,"‘중국판 넷플릭스’ 아이치이, 콘텐츠 흥행 실패에 최대 40% 감원"
2021-12-02,"넷플릭스 오리지널 '킹덤', 모바일 게임으로 나온다"
2021-12-02,"에이스토리, 넷플릭스 '킹덤' IP 게임 내년 출시"
2021-12-06,전 세계 강타 넷플릭스 ‘지옥’처럼… 부산표 스토리로 ‘대박작’ 만들자
2021-12-06,"‘넷플릭스 효과’에 웃는 네이버 웹툰…‘지옥’, 넷플릭스 드라마 영향으로 조회수 ..."
2021-12-06,"아마존·메타·넷플릭스…JP모건이 추천한 내년 美 유망 종목, 이유는?"
2021-12-06,"""넷플릭스 IP 독식 막는다""…9개 드라마 제작사 뭉쳤다"
2021-12-07,"과기부, 넷플릭스법 가이드라인 발표…""서비스 실효성 마련"""
2021-12-07,"넷플릭스, 한국영화 '#살아있다' 영어더빙 '불법송출' 피소"
2021-12-07,"정부, ‘넷플릭스법’ 가이드라인 발표…네이버·카카오 등 6개 기업 적용"
2021-12-07,"과기정통부, '넷플릭스법' 가이드라인 발표···""사전 오류 검증 강화해야"""
2021-12-07,"정부, 넷플릭스법 가이드라인 발표…규제 대상 아닌 중소사업자 참고 자료"
2021-12-07,‘넷플릭스법’ 가이드라인 나왔다…“인터넷 회선 용량 확보해야”
2021-12-07,"과기정통부, 넷플릭스법 가이드라인 발표…""구체적 기준·방안 안내"""
2021-12-07,“OTT 독식 막는 법 개정 필요”…넷플릭스의 ‘오징어게임’ 이익 독식에 대응 입...
2021-12-08,"디즈니플러스 11월 결제자 31만명···""10명 중 3명 넷플릭스도 결제"""
2021-12-08,"""넷플릭스 '오징어게임' 수익 독점…공정한 보상방안 입법 검토해야"""
2021-12-08,“디즈니+ 11월 결제자 31만명…10명 중 3명은 넷플릭스도 결제”
2021-12-08,"""디즈니+ 11월 결제자 31만명…32%는 넷플릭스도 결제"""
2021-12-10,헬스장 대신 캠핑·넷플릭스…코로나가 바꾼 일상들
2021-12-10,교통사고↓· 유튜브·넷플릭스 이용↑…코로나가 바꾼 일상
2021-12-10,"이랜드 스파오, 넷플릭스 '종이의 집' 컬래버 상품 출시"
2021-12-10,"'콜라보 맛집' 스파오, 넷플릭스 '종이의집' 컬렉션 출시"
2021-12-10,"이랜드 스파오, 넷플릭스 ‘종이의 집’ 컬래버레이션 선봬"
2021-12-10,"넷플릭스 '지옥' 김현주 ""아직 월드스타 아니고...퇴보에 대한 두려움 크다"""
2021-12-12,"""언제 어디서나 보는 넷플릭스처럼 금융도 소비자 중심 서비스 내놔야"""
2021-12-13,"이노피아테크, 넷플릭스 '다빈치 프로젝트' 파트너사 선정"
2021-12-13,"[강은성의 서학망원경] 넷플릭스를 보는 사람, 넷플릭스 주식을 사는 사람"
2021-12-14,"친구랑 본 넷플릭스 영화, 어느날 손배청구서 날아올지도 [더오래]"
2021-12-14,군대 부조리 다룬 넷플릭스 'D.P.' 시즌2 제작 확정
2021-12-16,"한국서 기습 인상했던 넷플릭스, 인도서는 60% 파격 인하"
2021-12-17,"넷플릭스 '지옥' 김신록 ""지옥의 최대 수혜자요? 인생 2부 시작일 뿐이죠"""
2021-12-17,"아이유 ""저랑 데이트 하실래요?"" 통했다…넷플릭스 제치고 1위 등극"
2021-12-17,"넷플릭스 ""창작자와 상생""…'버추얼 프로덕션 웨비나' 성료"
2021-12-17,"넷플릭스, 국내 특수시각효과 창작자들과 상생 기반 다져"
2021-12-19,넷플릭스發 '콘텐츠 매절계약' 논란…'디즈니플러스'로 확산
2021-12-20,‘오디오북계 넷플릭스’ 한국 투자 늘리는 까닭
2021-12-20,‘오디오북의 넷플릭스’ 스토리텔은 왜 한국 시장의 ‘조 단위’ 성장을 전망했을까
2021-12-20,[2022 경제]'한국판 넷플릭스' 키운다…OTT 콘텐츠에 편당 14억 지원
2021-12-20,넷플릭스 오징어게임 약발 끝? 토종 OTT 티빙 대항마 될까
2021-12-20,"브이에이코퍼레이션, 넷플릭스와 버추얼 프로덕션 파트너십 체결"
2021-12-21,"양정숙 의원, 넷플릭스 겨냥 '망무임승차 방지법' 발의"
2021-12-21,"""넷플릭스 망사용료 내야""…양정숙 의원 법안 발의"
2021-12-21,넷플릭스 공세에 토종 OTT '비틀비틀'
2021-12-23,넷플릭스 망소송 2라운드…'덧셈' 없고 '뺄셈'만
2021-12-23,"생활지음, 넷플릭스 애니메이션 '브레드이발소'와 협업"
2021-12-23,이용 빈도·시간 급증한 ‘올해의 앱’...집콕·코인 열풍에 넷플릭스·업비트 ‘둥실...
2021-12-23,'오겜'이 낳은 K콘텐츠의 넷플릭스 종속…토종 OTT 키우려면?
2021-12-24,"2심서도 ""망 사용료 못내"" 버티는 넷플릭스…국회 견제 움직임 확산"
2021-12-24,삼성전자-넷플릭스 '에밀리 파리에 가다' 시즌2 컬래버
2021-12-24,"“‘오겜’ 대박 난 넷플릭스, 제작진 몫도 인정하는 게 상식”"
2021-12-25,"""망 이용료 있어도, 낼 필요 없다"" 1심 진 넷플릭스 새 승부수"
2021-12-26,올해 네이버 검색어 결산 보니…'쿠팡·넷플릭스 존재감' 우뚝
2021-12-28,"[특징주] 쇼박스, 오징어게임 넷플릭스와 시즌2→시즌3 제작 논의중에 강세"
2021-12-29,넷플릭스 급성장에 유료방송 살리기…'채널개편 수시로'
2021-12-29,"""넷플릭스 등 미 OTT, K드라마 사냥 전쟁"" WSJ"
2021-12-30,"美 OTT ‘쩐의전쟁’, 넷플릭스·디즈니 내년에 136조 퍼붓는다"
2021-12-30,"넷플릭스·디즈니 등 미국 OTT, 내년 콘텐츠 제작에 136조 투자"
2021-12-31,OTT 시장 ‘쩐의 전쟁’…넷플릭스 등 8곳 내년 136조 실탄
2022-01-03,"김태오 DGB금융 회장 ""넷플릭스 '파괴적 혁신' 본받자"""
2022-01-03,"[특징주] 덱스터, 넷플릭스 '고요의 바다' TV쇼 부문 동남아 1위에 강세"
2022-01-03,"넷플릭스, '퉁치기' 전략 뜯어보니"
2022-01-04,넷플릭스·쿠팡 등 디지털 갑질 감시 강화한다
2022-01-04,"CEO들 ""가장 닮고 싶은 기업은 넷플릭스"""
2022-01-05,"""누워서 천장으로 넷플릭스 본다고?""…삼성이 내놓은 혁신 스크린"
2022-01-05,"[특징주] 애니플러스, '진격의 거인' 넷플릭스와 공급계약 체결… 3%↑"
2022-01-06,"[특징주] 버킷스튜디오, '고요의 바다' 넷플릭스 전 세계 1위에 강세"
2022-01-07,"‘솔로지옥’ 넷플릭스 글로벌 8위, MBN ‘돌싱글즈’ 급부상…연애 예능 전성시대"
2022-01-07,"""오징어게임 효과에도""…넷플릭스, 신규가입자 증가 기대 못미쳐"
2022-01-07,"뉴욕증시, 이틀째 하락 마감…테슬라·넷플릭스 2%↓"
2022-01-10,[인터뷰] ‘핀즐’ 진준화 대표 “넷플릭스처럼 그림 정기구독...해외 핫한 아티스...
2022-01-14,블룸버그 “넷플릭스에게 한국은 비밀병기”
2022-01-14,"가입자 정체로 주가 부진한 넷플릭스, 믿을 건 K-드라마"
2022-01-14,"""스트리밍 시장 경쟁 격화""…월가 ""넷플릭스, 매력 떨어져"""
2022-01-14,"크레디트스위스, 넷플릭스 4분기 성장 둔화 우려…목표가 740달러"
2022-01-15,"넷플릭스의 자신감, 미·캐나다 요금 인상"
2022-01-15,가격 인상 소식에 넷플릭스 주가 급등
2022-01-16,"넷플릭스, 북미지역서 1년여만에 또 가격인상…한국은?"
2022-01-17,"넷플릭스, 북미서 1년 만에 또 요금 올린다"
2022-01-17,"'오징어 게임'으로 재미본 넷플릭스, 국내외 릴레이 요금 인상…격화된 논란 배경은"
2022-01-18,미 증시 연초부터 출렁…넷플릭스·디즈니 등 대거 약세장 진입
2022-01-18,잇단 요금 인상에 ‘교활한 넷플릭스’ 비판 나오는 이유
2022-01-18,오징어게임 효과 끝? 애타는 넷플릭스 [3분 미국주식]
2022-01-19,韓 콘텐츠 확장하는 넷플릭스…“요금 인상만큼 가치 전할 것”
2022-01-19,韓 콘텐츠 확장하는 넷플릭스…“요금 인상만큼 가치 전할 것”
2022-01-19,잇단 요금 인상에… CNN “교활한 넷플릭스” 비판
2022-01-20,"MS, 블리자드 인수로 '게임계의 넷플릭스' 노린다"
2022-01-20,"넷플릭스 ""요금인상, 망사용료와 관련 없어"""
2022-01-21,[뉴욕개장]하락 출발…넷플릭스 등 스트리밍 업체 약세 전망
2022-01-21,"에버코어ISI ""넷플릭스 성장성에 의문""…투자의견 하향 [강영연의 뉴욕오프닝]"
2022-01-21,성장세 멈추나… 넷플릭스 주가 20% 폭락
2022-01-21,"넷플릭스, ‘오겜 효과’ 끝?…가입자 증가율 둔화로 주가 20% 폭락"
2022-01-21,"호실적 발표 후 20% 급락한 넷플릭스...""신규 가입자 기대 못미쳐"""
2022-01-21,"[특징주] 쇼박스, 오징어게임, 넷플릭스 CEO 시즌2 공식 선언에 강세"
2022-01-21,'넷플릭스 충격' 아시아 주요 증시 낙폭 더 늘려
2022-01-21,넷플릭스 1분기도 암울… 시간외 20%↓ [3분 미국주식]
2022-01-21,넷플릭스 호시절 끝났나…신규 가입자수 정체에 주가 20% 뚝
2022-01-21,넷플릭스 가입자 성장 둔화…시간외거래서 20% 폭락
2022-01-21,‘넷플릭스 충격’ 아시아 증시 일제 급락 출발
2022-01-21,미 증시 또 하락…넷플릭스 시간외거래 20% 급락
2022-01-21,“코로나 끝나간다” 넷플릭스·펠로톤 등 집콕株 20%대 급락 [왕개미연구소]
2022-01-21,"'요금 인상' 넷플릭스, 신규 회원 감소 전망에 주가 20% '폭락'"
2022-01-21,"넷플릭스, 암울한 실적 전망으로 주가 20% 폭락"
2022-01-21,"넷플릭스 충격, 한국 등 亞증시에도 몰아칠 듯(종합2)"
2022-01-21,‘잘나가던’ 넷플릭스 주가 20%↓…“신규 가입자수 예상보다 부진”
2022-01-21,넷플릭스 주가 20% '폭락'…오징어게임 대성공에도 '실적 충격'
2022-01-21,"넷플릭스, 신규 가입자 증가세 둔화…주가 20% 가까이 폭락(종합)"
2022-01-22,"넷플릭스, 눈높이 낮아진 가입자수…""단기 약세 불가피"""
2022-01-22,"뉴욕증시,넷플릭스 실적 악화와 긴축우려에 하락...나스닥 2.7% ↓"
2022-01-22,"美증시 '최악의 한주', 기술주 '팔자'...넷플릭스 22%↓ [뉴욕마감]"
2022-01-22,넷플릭스 실적 악화에 美 뉴욕 증시 하락 마감…나스닥 2.7%↓
2022-01-22,넷플릭스 21.79% 폭락하자 나스닥 2.72% 급락(상보)
2022-01-22,나스닥 3%↓…넷플릭스 실적 악화에 기술주 '와르르'
2022-01-22,[속보] 넷플릭스 정규장서 21.79% 폭락 마감
2022-01-22,넷플릭스 주가 개장전 20% 폭락
2022-01-23,"""넷플릭스, 주가 반전 위해선 히트작, 모바일 게임 성공 필요"""
2022-01-23,"넷플릭스 주가 폭락에도...국내 제작사株는 ""갈 길 간다"""
2022-01-24,'신규가입자 둔화' 넷플릭스 22%↓…국내 콘텐츠株 영향은
2022-01-24,"[투자노트] 넷플릭스(Netflix)의 추락, 조금 더 지켜봐야 할 이유"
2022-01-24,"넷플릭스 -43%, 줌 -73% 뚝… 테크주 반토막, 코로나 파티 끝났나"
2022-01-25,공매도 표적 된 넷플릭스·테슬라…하락 노린 투자자 4조6천억 벌어
2022-01-25,"'코로나 특수' 끝난 넷플릭스 주가, 고점 대비 45% '뚝'"
2022-01-25,"넷플릭스 주가, 지난해 11월보다 45% 빠져… ""오징어게임 같은 유혈사태"""
2022-01-25,"137조 월가 공매도 세력, 테슬라-넷플릭스 집중 공격"
2022-01-25,"제프리스, 넷플릭스 투자의견 '매수'→'보류'…""신규 가입자 급감"""
2022-01-25,"""설 연휴 넷플릭스 안 끊겨""… 통신 3사, 네트워크 특별 점검"
2022-01-25,"'블랙 먼데이' 나스닥 3%, '공포지수' 급등...넷플릭스 10%↓"
2022-01-26,"""금융의 넷플릭스 만들려면 자유로운 경영환경 보장해야"""
2022-01-26,"김광수 은행연합회장 ""은행, '금융의 넷플릭스' 되려면 데이터 규제 풀어야"""
2022-01-26,은행연합회장이 '넷플릭스' 부러워한 이유는?
2022-01-26,"유튜브와 넷플릭스도 관심 보이는 NFT시장, 어디까지 왔나"
2022-01-26,"목소리 높인 김광수 은행연합회장 ""은행도 넷플릭스처럼…규제 풀어달라"""
2022-01-26,"김광수 은연회장 ""은행권 '넷플릭스 성공 신화' 나오게 할 터"""
2022-01-26,"김광수 은행연합회장 ""은행도 '넷플릭스'처럼…데이터 규제 풀어달라"""
2022-01-26,"김광수 은행연합회 회장 ""은행, 금융의 넷플릭스 위해 데이터 규제 해소돼야"""
2022-01-26,은행 ‘데이터 경쟁력’ 강조한 은연회장… “금융의 넷플릭스 돼야”
2022-01-26,"김광수 ""은행, 금융의 넷플릭스 될것… 데이터 활용 규제 풀어달라"""
2022-01-26,"김광수 회장 “은행, 금융 넷플릭스 되려면 데이터 규제 해소해야”"
2022-01-26,넷플릭스 가입자 주춤…국내 콘텐츠株 괜찮을까
2022-01-27,"‘리틀 버핏’ 애크먼, 넷플릭스 주식 40% 폭락하자 ‘줍줍’"
2022-01-27,"""주가 급락에 줍줍"" 빌 애크먼, 넷플릭스 주식 310만주 매입"
2022-01-27,"월가 큰손, 넷플릭스 급락하자 300만주 매수...""놀라운 기회 포착"""
2022-01-27,[강은성의 서학망원경]주가 반토막 넷플릭스…공매도까지 설상가상
2022-01-28,"네이버웹툰, '지금 우리 학교는' 넷플릭스 시리즈 영상으로 공개"
2022-01-28,'변동성' 커진 美증시...넷플릭스 7%↑ 테슬라 11%↓[뉴욕마감]
2022-01-28,"퍼싱스퀘어, 넷플릭스 11억달러치 매수"
2022-01-28,넷플릭스 '리틀 버핏' 애크먼 대량 매수로 8% 폭등(상보)
2022-01-28,[속보] 넷플릭스 애크먼 대량 매수로 7.5% 폭등
2022-01-29,"넷플릭스, 옅어지는 코로나 수혜…전망은?"
2022-01-31,넷플릭스 '지금 우리 학교는' 1위 국가 44개국으로 늘었다
2022-01-31,"‘지옥’이어 ‘지금 우리 학교는’ 넷플릭스 1위, JTBC스튜디오 주목"
2022-01-31,“넷플릭스 잡아라” 오리지널 콘텐츠로 무장한 국내 OTT
2022-02-01,나스닥 3.4% 상승… 넷플릭스·테슬라 10% 이상 회복
2022-02-01,"시티 ""넷플릭스 가격결정력 있다"" 또 11% 폭등(상보)"
2022-02-01,"""조정은 기회"" 나스닥 3.4% 급등...넷플릭스 11%↑[뉴욕마감]"
2022-02-01,[속보] 나스닥 3.41% 급등하자 넷플릭스 11% 폭등
2022-02-02,애플 넷플릭스 아마존 반등했는데…저가매수 기회인가
2022-02-02,게임 시장도 ‘스트리밍 구독’이 대세?···MS는 '넷플릭스'가 될 수 있을까
2022-02-02,'오징어게임'의 넷플릭스가 연일 급등하는 이유 3가지(종합)
2022-02-02,"넷플릭스 CEO 주식 5만 주 매입, 또 7% 급등(상보)"
2022-02-02,"[속보] 넷플릭스 또 급등, 7% 상승한 457달러에 마감"
2022-02-03,"카카오 QR체크인, 점심시간 또 먹통… 정부 ""넷플릭스법 적용 검토"""
2022-02-03,‘카카오 75분 먹통’..정부 “넷플릭스법 적용 여부 파악 중”
2022-02-03,"구글·메타 등 총 5곳, '넷플릭스법' 의무 대상자 지정…웨이브 빠져"
2022-02-03,이용자 빠진 콘텐츠웨이브..‘넷플릭스법’ 적용 안 받는다
2022-02-03,넷플릭스 '지금 우리 학교는' 전 세계 1위…관련주는 엇갈려
2022-02-03,강정구 카카오엔터 글로벌 사업실장 “글로벌 프리미엄 전략으로 ‘웹툰계 넷플릭스’ ...
2022-02-04,구글·네이버 등 CP 5곳 '넷플릭스법' 적용...근데 이 법이 뭐예요?
2022-02-04,구글·넷플릭스 영향력은 커지는데...의무는 '외면'
2022-02-06,넷플릭스 드라마 '지금 우리 학교는' 흥행
2022-02-06,'지금 우리 학교는' 전세계 넷플릭스 랭킹 1위 8일째
2022-02-06,넷플릭스가 SK에 망이용료 내면 피해는 소비자가 본다
2022-02-06,넷플릭스 ‘고요의 바다’ 제작자 정우성…‘반짝임’ 못 살려 아쉽다 시즌2 요청 땐...
2022-02-06,넷플릭스법 vs 넷플릭스 방지법…이름도 비슷한데 뭐가 다를까
2022-02-07,메타와 넷플릭스 주가 동반 급락 ...하락이유는 달랐다
2022-02-08,"넷플릭스, 한 때 400달러 깨져…""매각까지 고려해야"" 권고도"
2022-02-09,[더오래]반토막 난 넷플릭스 주가…위기의 구독경제 어디로 가나
2022-02-09,넷플릭스 1위 '지금 우리 학교는'…원작 웹툰 조회수도 80배 껑충
2022-02-09,‘지금 우리 학교는’ 웹툰도 인기…넷플릭스 공개 이후 원작 웹툰 조회수 80배 증...
2022-02-10,"[뉴스'까'페] 아이폰에 물세례…삼성전자, 넷플릭스 통해 애플 '저격'한 이유"
2022-02-10,"디즈니랜드·디즈니플러스 모두 웃었다...디즈니, OTT 선두 넷플릭스와 다른길"
2022-02-10,넷플릭스 울 때 디즈니플러스 웃었다 [3분 미국주식]
2022-02-11,"[美친주] ""넷플릭스 보고있나"" 디즈니, 글로벌 OTT 1위 자리 노린다"
2022-02-11,"네이버웹툰 '모럴센스', 넷플릭스 영화로 190개국 동시 공개"
2022-02-12,“좀비물도 한국이 만들면 달라”…넷플릭스 장악한 K콘텐츠의 힘
2022-02-13,"가입 쉬운데, 해지는 어렵게…넷플릭스 등 OTT에 과태료"
2022-02-13,소비자 구독 취소 방해한 유튜브·넷플릭스·웨이브에 과태료
2022-02-13,'신청은 쉽게 해지는 어렵게'...넷플릭스 등 OTT업체 2000만 원 과태료
2022-02-13,"넷플릭스·디즈니플러스 구독료, 여태껏 다 주고 봤어?"
2022-02-13,"""결제 쉬운데 해지는 못 해""…공정위, 유튜브·넷플릭스 등에 과징금"
2022-02-13,"공정위, 소비자 구독 취소 방해한 유튜브·넷플릭스·웨이브에 과태료"
2022-02-13,'나홀로 애플'과 다른 삼성…넷플릭스·틱톡과도 손잡았다
2022-02-13,구독 해지 어렵게 만들어놓은 넷플릭스·유튜브 등 5곳 제재
2022-02-13,구매 7일 이내 전액 환불 가능한데 “안 된다”한 유튜브·넷플릭스
2022-02-13,"소비자 농락한 '바퀴벌레 모텔'…공정위, 넷플릭스에 칼뺐다"
2022-02-13,"해지 어렵게 한 '유튜브·넷플릭스' 등 OTT 5곳, 공정위 적발"
2022-02-13,소비자 구독 취소 방해한 유튜브·넷플릭스·웨이브에 과태료
2022-02-13,"공정위, 구독 상품 취소 방해한 유튜브·넷플릭스·웨이브 등 제재"
2022-02-13,"가입은 간편, 해지는 방해…넷플릭스 등 공정위 적발"
2022-02-13,"가입·결제는 쉽게, 해지·취소는 어렵게 한 유튜브·넷플릭스·웨이브 등 제재"
2022-02-14,주가 회복 위해 넷플릭스가 풀어야 할 과제
2022-02-14,넷플릭스 5조대 비트코인 사기사건 부부 드라마 제작한다
2022-02-14,넷플릭스 '파워 오브 도그' 아카데미 휩쓴다…올해 주가는 34%↓
2022-02-14,"공정위, 구글·넷플릭스 등 '갑질 OTT'에 과태료 철퇴"
2022-02-14,"공정위, '환불 불가' 넷플릭스·유튜브 횡포에 '철퇴'"
2022-02-14,유튜브·넷플릭스 등 OTT 구독 해지 쉬워진다
2022-02-14,"‘가입 쉽게, 해지는 어렵게’ 넷플릭스에 첫 과태료"
2022-02-15,"카카오 ""QR 오류, 우리 잘못 아냐""… '넷플릭스법' 적용 전망은"
2022-02-16,"넷플릭스에 뿔난 국세청…글로벌기업, 전산망까지 들여다본다"
2022-02-21,"""넷플릭스도 우리 없인 안돼""…콘텐츠 번역 '세계 1위' 아이유노"
2022-02-25,"""저는 소년범을 혐오합니다""…넷플릭스 신작 '소년심판'"
2022-02-27,"넷플릭스, 망 사용료 낼까…GSMA 이사회에 쏠린 눈"
2022-02-28,"[MWC 2022]넷플릭스, 망 사용료 낼까…구현모 KT 대표 논의 주도"
2022-03-01,"테슬라, 구글, 넷플릭스… 우크라이나 지원사격 나선 IT기업들"
2022-03-02,[MWC 2022]넷플릭스 망사용료 압박 거세진다
2022-03-02,코로나 끝나가나...줌 넷플릭스 등 재택근무 수혜기업 울상
2022-03-02,"""넷플릭스, 망 사용료 내라""…글로벌 통신사 의견 일치"
2022-03-02,틱톡 거침없는 성장… 메타·넷플릭스·유튜브도 1분 동영상 전쟁
2022-03-02,글로벌 ‘골칫거리’ 된 넷플릭스 망 무임승차…전 세계가 뿔났다
2022-03-03,"[MWC 2022]GSMA ""넷플릭스 등 CP, 이젠 사용료 내야""지"
2022-03-03,전 세계 통신사업자들 “넷플릭스 등 CP도 망 사용료 내야”
2022-03-04,넷플릭스 역주행 효과…'도깨비' 촬영지에 외국인 문전성시
2022-03-04,[마켓인]'넷플릭스 생각하면 오산'…왓챠 상장에 싸늘
2022-03-06,“와이파이만 연결 넷플릭스 본다” 삼성 야심작 가격이 헉?
2022-03-07,"틱톡-넷플릭스, 러시아 ‘엑소더스’ 동참… 서비스 중단한다"
2022-03-07,계속되는 러시아 엑소더스…넷플릭스·틱톡·PwC도 사업 중단
2022-03-07,中 틱톡마저 러시아 사업 중단…넷플릭스·아멕스 등 잇단 철수 결정(종합)
2022-03-07,"'러시아 보이콧' 가속화…틱톡·아멕스·넷플릭스, 철수"
2022-03-07,넷플릭스-틱톡도 러시아 영업 중단
2022-03-08,"""넷플릭스 이용권 쏜다"" 유진투자증권, 해외주식 거래 이벤트"
2022-03-08,"유진투자증권 ""해외주식 거래시 넷플릭스 최대 10년 제공"""
2022-03-08,"[게시판] 유진투자, 해외주식 거래시 넷플릭스 이용권 제공 이벤트"
2022-03-08,"유진투자증권, 해외주식 고객에 넷플릭스 이용권 추첨 지급"
2022-03-11,넷플릭스 천하 끝날까…K-OTT 육성 이끌 컨트롤타워 기대
2022-03-14,"망 사용료, 넷플릭스 숨통 조인다…SK브로드밴드와 법정싸움 ‘2차전’"
2022-03-15,"김영식 ""넷플릭스, 韓서 매출원가 부풀려 국부유출"""
2022-03-15,"""SK텔레콤, 자회사 SKB와 넷플릭스 간 망사용료 공방 수혜""-대신"
2022-03-15,[클릭 e종목] '무임승차' 넷플릭스 망사용료 수혜 기대
2022-03-16,"넷플릭스 ""상호 무정산"" VS SKB ""망 이용료는 유상"""
2022-03-16,"넷플릭스-SKB 망이용료 소송 2차전…법원 ""CP에게 대가 받는 기준 밝혀야"""
2022-03-16,넷플릭스-SKB 망 이용대가 공방 2R 본격화
2022-03-16,대만·태국 사람들이 돈 쏟아붓는다는 이 웹툰…넷플릭스 효과 '톡톡'
2022-03-16,“넷플릭스 한국법인 매출원가 부풀렸다”
2022-03-17,"넷플릭스, '구독 공유' 막는다…아이디 공유자에 추가 요금 부과"
2022-03-17,넷플릭스 계정 공유하면 추가 요금…중남미 3개국서 시행
2022-03-17,"OTT 이용률 59%, 3년만에 두배로 증가…가입자 1위는 넷플릭스, 만족도 1위..."
2022-03-17,넷플릭스 '4인팟' 계정공유 이제 못하나...해외서 계정공유 추가요금 첫 도입
2022-03-17,구독료 올려도 망사용료는 못내겠다는 넷플릭스…SKB와 법정공방 2R
2022-03-17,"치솟는 젤렌스키 인기...넷플릭스, 출연작 재방영"
2022-03-17,"넷플릭스, 아이디 공유에 추가요금 부과…일부국가 시험 도입"
2022-03-17,"""넷플릭스 4인팟 구해요""…계정공유, 이제는 추가 요금 내야 하나"
2022-03-17,"넷플릭스,중남미 3개국 계정공유에 추가요금 시행"
2022-03-17,"넷플릭스, 계정 공유하면 추가 요금 부과…새 요금제 공개"
2022-03-18,"넷플릭스, 韓 구독료 'N분의 1' 어렵게 되나"
2022-03-18,[세기의재판 2R]①'넷플릭스 vs SKB' 히든카드 있을까
2022-03-18,"넷플릭스, 계정 나눔 막는다...계정 공유 추가요금제 도입"
2022-03-19,"미국 OTT시장 절대강자 넷플릭스, 디즈니와의 승부 결과는?"
2022-03-19,"[뉴욕증시] 연준 매파적 발언에도 상승… 테슬라·넷플릭스, 2~3%대↑"
2022-03-21,"넷플릭스, 일본서 3년간 수익 122억원 탈루 적발"
2022-03-21,"""日 세무당국, 넷플릭스 이익 누락 판단"""
2022-03-21,"""여성 비율이 51.7%""…넷플릭스·구글이 'S'에 진심인 이유?"
2022-03-22,"""n분의 1? 돈 더 내라"" 넷플릭스 요금 인상 움직임에...소비자는 '부글부글'"
2022-03-22,"넷플릭스 굿즈 만든 '온라인 제조플랫폼' 크렐로, 시드투자 유치"
2022-03-24,"넷플릭스 대항마 NENT, 英서 라이브 스포츠 제공"
2022-03-24,“믿고 구독했는데”…넷플릭스 이어 쿠팡도 기존회원 요금 인상
2022-03-24,국내 OTT 시장을 선점한 넷플릭스…요금 인상은 어디까지
2022-03-25,"해외 전문가 ""넷플릭스 무임승차 비용, 모든 이용자가 떠 안을 것"""
2022-03-25,"포브스지 칼럼니스트 활동 美네트워크 석학 “넷플릭스, 망 이용료 지불할 의무 있다..."
2022-03-28,"경쟁 치열해진 OTT, 넷플릭스 vs 디즈니"
2022-03-31,"넷플릭스 '사내맞선', 애플TV+ '파친코'...양대 OTT 휘어잡은 한국 콘텐츠"
2022-03-31,아이폰 외부링크 통한 결제 가능해진다…스포티파이-넷플릭스앱 등
2022-03-31,"게임에 빠진 넷플릭스, 요즘 몰두하고 있는 두가지는[넥스트.찐]"
2022-04-03,"미국, ‘넷플릭스 망사용료 지급 의무화’ 국내 법안에 공개 우려"
2022-04-03,"美, 韓 ‘넷플릭스 망사용료 지급 의무화’ 입법 우려…“경쟁업체에 이득”"
2022-04-03,"美, '넷플릭스 망사용료 지급 의무화' 韓법안에 공개 우려 표명"
2022-04-04,"""망대가 의무화法 우려"" 美 USTR 보고서, 넷플릭스 소송 새 변수될까"
2022-04-06,'사내맞선' 청혼엔딩에 넷플릭스 TV쇼 ' 글로벌 2위' 껑충
2022-04-06,게임도 '구독 전쟁'… 소니-MS 싸움에 난데없이 참전한 넷플릭스?
2022-04-07,"KT가 만든 콘텐츠 넷플릭스에 나온다…""3년뒤 콘텐츠 매출 5조"""
2022-04-12,넷플릭스 부사장 또 방한해 국회 과방위원 면담…19일 유력
2022-04-12,韓 국회 다시 찾는 넷플릭스…'무임승차방지법' 대응?
2022-04-12,"넷플릭스, ‘최고예요!’ 버튼 도입…이용자 취향 분석 강화"
2022-04-12,"넷플릭스, '최고예요' 기능 도입…""강한 호감 표현용"""
2022-04-13,실적 공포 다가온다… 암울한 넷플릭스 [3분 미국주식]
2022-04-14,"넷플릭스, 지난해 한국 매출 6000억대, 법인세는 단 34억원"
2022-04-14,"넷플릭스, 지난해 한국 매출만 6000억원... 대부분 '그룹사 수수료'로"
2022-04-14,"넷플릭스 지난해 韓 매출 6,317억 원...1년 사이 52%↑"
2022-04-14,넷플릭스 작년 한국매출 6천317억원…재작년보다 52% 증가
2022-04-15,"넷플릭스, 본사에 5200억 빼주고 세금은 30억"
2022-04-15,“한국 OTT 시장은 넷플릭스 천하” 숫자로 증명
2022-04-15,망사용료법 논의 부담에…넷플릭스 부사장 국회 방문 무산
2022-04-15,"[카드뉴스]넷플릭스, 러시아 전쟁으로 실적 타격 전망"
2022-04-18,넷플릭스 실적 둘러싸고 월가 투자의견 엇갈려
2022-04-18,반등 목마른 넷플릭스·디즈니
2022-04-18,"코로나 수혜 본 넷플릭스와 디즈니, 리오프닝 앞두고 주가는 '울상'"
2022-04-18,"'넷플릭스의 덫' 토종 OTT 3사, 작년 수백억 적자"
2022-04-18,테슬라·넷플릭스보다 존슨앤드존슨? [3분 미국주식]
2022-04-19,"넷플릭스, 장 마감 후 실적 발표…서프라이즈 기대가 없다[오미주]"
2022-04-19,"대원미디어, 넷플릭스 키즈 1위 '아머드 사우루스' 가족뮤지컬로 만난다"
2022-04-20,넷플릭스 쇼크에 30%대 주가 폭락…4년3개월래 최저(상보)
2022-04-20,넷플릭스 성장 제동 걸렸나…주가 40% 가까이 폭락
2022-04-20,"넷플릭스, 2분기 순증 가입자 줄 듯...불확실성 환경 지속 우려"
2022-04-20,상승세 꺾인 국채금리···넷플릭스 실망감에 디즈니·WBD 동반 하락 [뉴욕증시 나...
2022-04-20,"넷플릭스 주가, 프리마켓서 또다시 27% 폭락"
2022-04-20,[7NEWS] 실적 폭락에 넷플릭스가 빼든 칼
2022-04-20,"넷플릭스, 러 악재·출혈경쟁에 ‘발목’… 11년만에 가입자 감소 [흔들리는 OTT..."
2022-04-20,가입자 급감 쇼크…넷플릭스 '왕좌' 흔들리나
2022-04-20,"'구독자 감소' 넷플릭스, 한국 상황은…""독점 흔들리는 시그널"""
2022-04-20,흔들리는 '넷플릭스 제국'…구독자 20만명 떠났다 [매경 월가월부]
2022-04-20,세 가지 악재 겹친 넷플릭스…하루 새 시총 49조 증발
2022-04-20,잘나가던 넷플릭스도 진땀…'레드오션'된 글로벌 OTT 시장
2022-04-20,‘넷플릭스 쇼크’ 국내 영향은? [3분 국내주식]
2022-04-20,"넷플릭스, 계정공유 추가과금 추진…광고 있는 싼 요금제도 계획(종합)"
2022-04-20,[특징주] 넷플릭스 가입자 감소에 스튜디오드래곤 등 콘텐츠주 하락(종합)
2022-04-20,"성장하지 못한 넷플릭스, OTT 시장 미래 괜찮나"
2022-04-20,코로나 이전으로 돌아간 넷플릭스 주가…가입비 또 오르나? [서학개미 리포트]
2022-04-20,"넷플릭스 25% 급락에…증권가 ""콘텐츠주 저가 매수 기회"""
2022-04-21,美 거물 투자자도 넷플릭스 '손절'…석 달 만에 5천억원 손실
2022-04-21,‘어닝쇼크’ 넷플릭스 하루새 35% 대폭락
2022-04-21,넷플릭스의 폭락…K-콘텐츠·플랫폼 종목도 줄줄이↓
2022-04-21,"[생생경제] 넷플릭스 35% 폭락, OTT 시장 지각 변동 일어나나?"
2022-04-21,넷플릭스 주가 급락에 OTT株 동반 타격
2022-04-21,주가 35% 폭락 ‘넷플릭스 쇼크’…성장주 과신에 대한 경고등
2022-04-21,"대원미디어, 넷플릭스 1위 '아머드 사우루스' 뮤지컬로 리오프닝 시장 공략"
2022-04-21,"“가입자가 감소했다” 35% 폭락, 넷플릭스發 악재에 국내 콘텐츠주 울상"
2022-04-21,"""넷플릭스, 황금손 韓 못 버려""…콘텐츠주 약세에도 증권가 ""매수"""
2022-04-21,서학개미 ‘美장 사랑’ 여전한데… 넷플릭스 35% 폭락 ‘충격’
2022-04-21,"넷플릭스 폭락했지만, 증권가 “국내 콘텐트株, 오히려 기회”"
2022-04-21,넷플릭스 '최악의 날'…주가 35% 대폭락
2022-04-21,넷플릭스 “지속적인 발전 통해 소비자들이 지불하는 금액에 상응하는 가치 창출할 것...
2022-04-21,"애크먼의 굴욕, 3개월간 넷플릭스 투자로 5321억 잃어"
2022-04-22,"""원금도 못 건지나""…반토막 난 넷플릭스에 '좌불안석'"
2022-04-22,넷플릭스 급락세에...ELS 빨간불
2022-04-22,"넷플릭스, 가성비 중심으로 콘텐츠 투자비 관리 강화한다"
2022-04-22,"주가 폭락 넷플릭스, 무료가 미래?"
2022-04-22,"테슬라 미래는?...""제2의 넷플릭스"" VS ""제2의 구글"""
2022-04-22,이틀새 40% 폭락한 넷플릭스…잠 못 이루는 서학개미
2022-04-22,"'폭락' 넷플릭스 기초자산 ELS, 원금손실 구간 속속 진입"
2022-04-22,"독주 제동걸린 넷플릭스… “韓 콘텐츠사, 매출처 다변화 필요”"
2022-04-22,"억만장자 투자자, 5천억원 날리고 넷플릭스 '손절'"
2022-04-22,"넷플릭스 가입자 줄었는데…HBO 증가세 ""7700만명 육박"""
2022-04-22,넷플릭스 ELS 투자자도 멘붕…무더기 녹인 우려
2022-04-22,"캐시 우드의 아크 인베스트, 넷플릭스 유탄 맞은 ‘로쿠’ 매집"
2022-04-23,"넷플릭스 폭락에 K-콘텐츠株 '불똥'… ""지금이 저가매수 기회?"""
2022-04-23,넷플릭스 폭락에 휩쓸린 K-콘텐츠주…저가매수 기회?
2022-04-24,'넷플릭스 사태' 재연될까…美 4대 기술기업 줄줄이 실적 발표 [매경 월가월부]
2022-04-24,위기의 넷플릭스…콘텐츠주엔 오히려 기회?
2022-04-24,넷플릭스 폭락에 놀란 증시…'구독 서비스' 전체를 걱정한다 [월가시각]
2022-04-25,"이대로 있을 넷플릭스가 아니다, 주가폭락 원인..'실적' 만회할 방법은?"
2022-04-25,넷플 폭락에 증시 '충격'...넷플릭스는 가치주일까? (feat. 홍성학) [뭘스...
2022-04-25,회사 떠나는 넷플릭스 직원들...'어닝쇼크' 여파 지속
2022-04-25,"주가 40% 폭락한 넷플릭스, 당분간 주가 반등 어렵다"
2022-04-26,"“넷플릭스 하청 될 수 없다”…인수위, 민관펀드로 토종OTT 육성"
2022-04-26,"""넷플릭스는 황소개구리""…인수위, 토종 OTT 지원"
2022-04-26,인수위 미디어 산업 새판 짠다…“한국판 넷플릭스 키울 것”
2022-04-27,"SK스토아 ""넷플릭스·왓챠 보듯 홈쇼핑 서비스"""
2022-04-27,"TV쇼핑이야, 넷플릭스야?…SK스토아, 새로운 ‘스토아ON’ 공개"
2022-04-27,"내달 尹·바이든 회담, 넷플릭스 망사용료 논의할까"
2022-04-27,넷플릭스처럼 즐기는 쇼핑…SK스토아 '스토아ON 2.0' 공개
2022-04-27,SK스토아 “넷플릭스 보듯 쇼핑한다”…개인화 홈쇼핑 구현
2022-04-27,"""또 넷플릭스 쇼크 닥칠까"" 공포에 美빅테크 급락"
2022-04-27,美 빅테크주 줄줄이 폭락...넷플릭스→테슬라→다음은 구글?
2022-04-27,"“홈쇼핑, 넷플릭스처럼 즐긴다” SK스토아, 스토아ON 2.0 공개"
2022-04-28,"한미 정상회담서 '넷플릭스' 다룰까…美, 망이용료법 ""지켜본다"""
2022-04-28,"'계정 공유' 칼 빼든 넷플릭스…""꿩 먹고 알 먹겠다""는 韓 OTT 속내"
2022-04-28,"넷플릭스도 맥 못추는데…韓 OTT, 인수위 업고 탄력받나?"
2022-04-29,"""갑작스러운 해고에 뿔난 넷플릭스 직원들...트위터로 집결했다"""
2022-04-29,"넷플릭스 ‘D.P.’ 원작자, 삼성전자와 미스터리 웹툰 공개 [정지은의 산업노트]"
2022-04-30,"“가입도, 해지도 쉽다” 넷플릭스 쇼크가 흔드는 구독경제 신화"
2022-04-30,OTT 시장 파티는 끝났다…넷플릭스의 역성장이 상징하는 것들
2022-04-30,넷플릭스..너 뭐 돼? …이제는 광고까지 넣는다고? [영상]
2022-05-01,넷플릭스 ‘망 사용료 의무’ 변수는 한미 FTA?
2022-05-02,넷플릭스의 역성장…K-콘텐츠 제작사는 '오히려 좋아'
2022-05-02,[숫자로 읽는 세상] 넷플릭스 '최악의 날'…주가 35% 대폭락
2022-05-02,"넷플릭스, 영국 왕자 부인과 만들려던 애니 제작 백지화"
2022-05-03,"""문은 열려있다"" 극장가가 넷플릭스에 손내민 이유[넥스트.찐]"
2022-05-03,"뉴욕증시, 국채금리 상승에도 5월 첫 거래일 일제 반등…넷플릭스·메타플랫폼 상승"
2022-05-05,“성장 유지한다더니…” 뿔난 주주들 넷플릭스에 손배소 제기
2022-05-05,"'주가 폭락' 넷플릭스 주주들, 경영진 상대로 집단소송"
2022-05-05,"""넷플릭스가 투자자 오도했다""…주주들 집단소송"
2022-05-06,네이버웹툰 '안나라수마나라' 넷플릭스 시리즈로 재탄생[1일IT템]
2022-05-06,"네이버웹툰 원작 '안나라수마나라' 넷플릭스 시리즈, 오늘 4시 공개"
2022-05-06,“증권사기로 주가 폭락”…넷플릭스에 주주들 손배소 제기
2022-05-06,"넷플릭스, '증권사기' 집단소송 당해"
2022-05-08,“네이버와 카카오 중 주식을 산다면?” 넷플릭스로 보는 플랫폼 비즈니스[김성모 기...
2022-05-09,"넷플릭스 가입자 급감에 K-콘텐츠株 '불똥'...""신작 모멘텀 유효"""
2022-05-09,기술기업 성장세 둔화…페북·아마존·넷플릭스도 흔들
2022-05-09,"[아이엠(I'M)] 박성훈 찾아줘부동산 대표 “넷플릭스처럼 맞춤형 부동산 매칭"""
2022-05-09,넷플릭스 ‘안나라수마나라’ 글로벌 4위…13개국서 정상
2022-05-09,"NH證 ""콘텐트리중앙, 넷플릭스 우려로 주가 부진"""
2022-05-10,"주가 폭락 넷플릭스, 광고 매출 감소 유튜브… 엔데믹 ‘울상’ 기업"
2022-05-10,JYP 만난 대교…넷플릭스 '개비의 매직하우스' 댄스 챌린지
2022-05-11,넷플릭스 10월부터 계정공유 막는다 [뉴스 투데이]
2022-05-11,"스위스, OTT 현지 제작투자 의무화 '넷플릭스법' 국민투표"
2022-05-11,넷플릭스 계정 친구랑 같이 쓰면 단속해? 광고도 넣는다고?
2022-05-11,"넷플릭스, ‘광고 포함’ 저가 서비스 연내 도입"
2022-05-11,"넷플릭스, 연내에 광고 포함 저가 요금제 도입한다"
2022-05-11,"넷플릭스, 연말에 광고형 요금제 선보일 듯"
2022-05-11,"넷플릭스, 가입자 이탈 비상...""광고 포함 요금제, 공유 계정 추가금"""
2022-05-11,"“넷플릭스, 광고 포함 저가 서비스 도입…추가 계정에 별도 요금"""
2022-05-11,"""넷플릭스, 연내 광고 포함 저가 서비스…계정 공유도 단속"""
2022-05-12,‘계정 공유는 사랑’이라더니…넷플릭스 이탈자 늘어날 듯
2022-05-12,"디즈니플러스, 신규가입자 790만명 늘어…넷플릭스 '추격'"
2022-05-12,"""넷플릭스에 반격"" 디즈니플러스 가입자, 예상보다 많아"
2022-05-12,넷플릭스와 달랐다…디즈니플러스 가입자 1~3월 790만명 증가
2022-05-12,"[클릭 e종목] ""넷플릭스 주가 하락에 떨어야 할 이유 없다"""
2022-05-12,"위기의 넷플릭스, 광고 삽입 카드 꺼내나"
2022-05-13,고점 대비 넷플릭스 -74%·메타 -50%·아마존 -42%·구글 -25%·애플 -...
2022-05-13,"[엔터Biz] 넷플릭스 '주가 반토막' 추락, 흔들리는 OTT시장"
2022-05-14,"[서학개미 리포트] ""구독자 순증 디즈니, 넷플릭스와는 다르다"""
2022-05-16,"웨드부시, 넷플릭스 '시장수익률 상회'로 상향...49% 상승 여력"
2022-05-16,"웨드부시, 넷플릭스 아웃퍼폼으로 상향"
2022-05-17,"[오늘의 한경 글로벌마켓] 웨드부시 ""넷플릭스 반등할 것""…투자의견 상향"
2022-05-17,"'취임 1년' 장윤석 티몬 대표 ""커머스계 넷플릭스 될 것"""
2022-05-18,'망 이용대가' 2차 변론…넷플릭스·SKB 의견차 못 좁혀
2022-05-18,"넷플릭스·SKB 망사용료 공방 지속…""무정산 연결""vs""유상 행위"""
2022-05-18,'망 사용료' 팽팽한 2차변론…넷플릭스 '오픈커넥트' 실효성 논란
2022-05-18,"넷플릭스, 가입자 감소·주가 하락에 직원도 줄인다…150명 정리해고"
2022-05-18,"추락하는 넷플릭스, 북미 직원 150명 잘랐다"
2022-05-18,넷플릭스 150명 해고…성장 정체 OTT들 '생존 자구책'
2022-05-18,"""이대로는 못 버텨""...넷플릭스, 실적부진에 직원 150명 해고"
2022-05-18,"'가입자 감소' 넷플릭스, 직원 150명 한번에 정리해고"
2022-05-18,'망값 전쟁' 재점화…SKB vs 넷플릭스 오늘 또 법정 공방
2022-05-19,감원 칼바람 시작된 美 ‘빅테크’…넷플릭스·로빈후드·카바나 줄줄이 해고
2022-05-19,편의점·넷플릭스 할인 카드… 젊은 직장인에 딱!
2022-05-19,"SK브로드밴드 vs 넷플릭스, '상호무정산' 원칙 두고 공방"
2022-05-19,넷플릭스·SKB ‘망사용료 항소심’ 2차 구두 변론…기존 입장 되풀이?
2022-05-19,"넷플릭스 호시절 지났나…美 안방은 대량 해고, 해외는 망값 전쟁"
2022-05-20,"[엔터Biz-D] 덱스터, 17.81%↑…바이든 방한·넷플릭스 투자에 강세"
2022-05-20,"정부, 넷플릭스 자회사 1억달러 투자 유치"
2022-05-20,"바이든 방한 효과…넷플릭스 자회사, 한국에 1억 달러 투자"
2022-05-20,"넷플릭스 자회사, 韓에 '영상제작' 시설 투자…6년 1억 달러"
2022-05-20,'넷플릭스 투자' 선물 가져온 바이든…한국에 1억달러 특수효과 제작시설
2022-05-20,넷플릭스 한국 투자신고식
2022-05-20,넷플릭스 한국 투자신고식
2022-05-20,넷플릭스 한국 투자신고식
2022-05-20,넷플릭스 한국 투자신고식서 인사말 하는 안덕근 통상본부장
2022-05-20,넷플릭스 한국 투자신고식 기념촬영
2022-05-20,"안덕근 통상교섭본부장, 넷플릭스 한국 투자신고식"
2022-05-20,"넷플릭스 자회사, 국내에 영화제작시설 투자"
2022-05-20,넷플릭스 한국 투자신고식
2022-05-20,넷플릭스 한국 투자신고식
2022-05-20,넷플릭스 자회사 한국 투자신고식
2022-05-20,"넷플릭스 자회사, 국내에 1억달러 규모 영화제작 시설 투자"
2022-05-20,"넷플릭스 자회사, 국내에 1억달러 규모 영화제작 시설 투자"
2022-05-20,넷플릭스 자회사 한국 투자신고식
2022-05-20,넷플릭스 한국 투자신고식
2022-05-21,"‘해외시장 마찰’ 넷플릭스, 입지 좁아지자 달래기로 선회하나"
2022-05-22,"콘텐츠株, 넷플릭스 따라 동반 하락…증권가 “저가 매수 기회”"
2022-05-22,"넷플릭스 급락에 힘 못쓰는 콘텐츠株…증권가 ""성장성 문제 없다"""
2022-05-23,"BTS, 넷플릭스…‘팔리는 프로세스’는 어떻게 만드나 [이 주의 책]"
2022-05-23,넷플릭스 약세에 K-콘텐츠주도 '시들'한데…향후 전망은
2022-05-24,넷플릭스 이어 보잉·LG생건까지… ELS 녹인 종목 속출
2022-05-24,사용자가 가장 많은 OTT 앱은 넷플릭스…2위는 티빙
2022-05-24,韓 OTT 시장 '1강·3중·4약'…넷플릭스-티빙-쿠팡-웨이브 순
2022-05-25,"""넷플릭스·인터넷 조합 50% 싸게?""…LG헬로비전, 결합 프로모션 출시"
2022-05-27,"'넷플릭스 쇼크에 약세' K-콘텐츠주…그래도 ""업황은 우호적"""
2022-05-31,"코카콜라 제로, 넷플릭스 ‘종이의 집’ 한정판 패키지 출시"
2022-06-01,애플·아마존·넷플릭스가 지킨 ‘플랫폼 성공 3가지’ 조건
2022-06-06,"댄 나일스 ""넷플릭스에서 여름휴가로 미국 소비 트렌드 이동"""
2022-06-08,"현대옥, 넷플릭스 K-FOOD 다큐 <국물의 나라>서 소개"
2022-06-09,"삼성전자 TV, '게임판 넷플릭스' 품는다"
2022-06-09,'넷플릭스 1일 이용권 600원'...계정 공유 서비스 등장에 OTT업계 `발칵`
2022-06-09,‘넷플릭스 정말 광고해?’ 로쿠 인수설 [3분 미국주식]
2022-06-09,넷플릭스와 합병 루머로 로쿠 9% 폭등(상보)
2022-06-09,[속보] 넷플릭스와 합병 추진 소식에 로쿠 9% 폭등
2022-06-10,"골드만삭스, 넷플릭스 투자의견 '매도'로 하향…경기침체·경쟁심화 타격"
2022-06-10,"""넷플릭스 망사용료 이중과금?…자체 OCA가 망중립성 위반"""
2022-06-10,넷플릭스와 합병 루머로 급등했던 로쿠 9% 폭락(상보)
2022-06-11,"골드만삭스, 넷플릭스·로블록스 ""팔아라"""
2022-06-11,골드만삭스 “넷플릭스 성장 신화 의구심···주식 팔아라”
2022-06-11,"골드만삭스, 넷플릭스·로블록스 투자의견 '매도'로 강등"
2022-06-13,“‘하루에 넷플릭스 600원’ 이용권 팔아요” 업체에…OTT “법정 대응”
2022-06-13,"골드만 ""넷플릭스·이베이·로블록스 팔아라"""
2022-06-13,"""넷플릭스 하루 600원""…'페이센스'가 쏘아올린 OTT 혁명"
2022-06-13,‘오겜2’ 넷플릭스 구원하는 구세주 될 수 있을까?(종합2)
2022-06-13,넷플릭스 ‘오겜2’ 제작한다… “영희 남친 철수 등장”
2022-06-13,"""넷플릭스 성장신화 저물었다…로블록스, 이베이도 팔아라"""
2022-06-13,넷플릭스 ‘오겜’2 통해 회원 감소세 만회 나선다(종합)
2022-06-13,"타불라, 넷플릭스 프라이즈 수상한 AI 엔지니어링 전문기업 ‘그래비티 알앤디’ 인..."
2022-06-13,금융판 '넷플릭스'의 꿈…비금융·가상자산 길 열리나
2022-06-13,"골드만삭스 ""넷플릭스 이제 정리할 때""...투자의견 매도로 하향"
2022-06-13,'넷플릭스·애플TV+' 맞설 한국형 OTT 콘텐츠 전방위 지원
2022-06-13,"타불라, 넷플릭스 프라이즈 수상한 AI 엔지니어링 '그래비티 알앤디' 인수"
2022-06-13,"골드만삭스 ""넷플릭스 팔아라""…투자의견 강등"
2022-06-15,[성공예감] 실적 앞엔 장사 없다? 기업 문화 바꾸는 ‘꿈의 직장’ 넷플릭스 - ...
2022-06-15,"넷플릭스,오징어게임 차용 사상최대 리얼리티쇼 제작"
2022-06-15,"SKB ""넷플릭스 사용 '전용망'은 유상이 원칙…'무상합의' 없어"""
2022-06-15,"넷플릭스, 진짜 ‘오징어 게임’ 개최한다…10부작 리얼리티 프로그램 제작"
2022-06-15,"넷플릭스, '오징어게임 리얼리티쇼' 만든다…게임에서 지면?"
2022-06-15,"넷플릭스, 실제 '오징어 게임' 대회 개최…상금 60억원"
2022-06-15,"넷플릭스, 60억원 상금 걸고 실제 '오징어 게임' 개최"
2022-06-15,"우승 상금 60억원...넷플릭스, 진짜 '오징어게임' 대회 연다"
2022-06-15,넷플릭스 '오징어게임' 리얼리티쇼 나온다
2022-06-16,SKB “이용자 불편 최소화 위해 전용망 우선 제공” vs 넷플릭스 “SKB도 해...
2022-06-20,넷플릭스 가입자 수 제자리 걸음인데 ‘무료’ OTT 급성장 중
2022-06-21,"스티펠 ""급락한 넷플릭스 현주가 매력적"""
2022-06-21,잘나가던 넷플릭스 한달만에 또 정리해고
2022-06-21,"""넷플릭스, 비용 절감 위해 금주 중 추가 정리해고"""
2022-06-22,"""넷플릭스, 구글과 광고 사업 협력 방안 논의"""
2022-06-22,배달앱·넷플릭스 할인… 사회초년생 맞춤카드 쏠쏠하네
2022-06-23,"삼성전자X넷플릭스, ‘기묘한 밤(Stranger Nights)’ 영상 공개"
2022-06-23,넷플릭스 '기묘한 이야기'와 콜라보…갤S22울트라 '나이토그래피' 뽐냈다 [영상]
2022-06-23,'기묘한 이야기' 넷플릭스 협업 갤S22울트라 야간촬영기능 소개
2022-06-23,"갤럭시 S22 울트라, 넷플릭스 '기묘한 이야기' 파트너십 영상 공개"
2022-06-23,"삼성전자, 넷플릭스 ‘기묘한 이야기’ 파트너십 영상 공개"
2022-06-23,"갤S22 울트라, 넷플릭스 '기묘한 이야기' 파트너십 영상 공개"
2022-06-23,"갤럭시 S22 울트라, 넷플릭스 ‘기묘한 이야기’ 파트너십 영상 공개"
2022-06-23,"삼성, 넷플릭스 ‘기묘한이야기’서 ‘갤S22 울트라’ 영상 공개"
2022-06-24,"니덤, 로쿠 '매수'로 유지...넷플릭스 산하로 편입 가능성 높아"
2022-06-24,메타·넷플릭스의 굴욕…성장주→가치주로 이동[서학개미리포트]
2022-06-24,주가 추락한 메타ㆍ넷플릭스 굴욕...24일부터 '가치주' 된다
2022-06-24,페북·넷플릭스가 가치주라고?...주가급락에 성장주서 제외돼 가치주지수로 이동
2022-06-24,페북·넷플릭스가 가치주라고?...주가급락에 성장주서 제외돼 가치주지수로 이동
2022-06-24,"대표 성장주는 옛말… 페북·넷플릭스, 이젠 ‘가치주’ 취급 받는다"
2022-06-24,경기 침체 우려에 넷플릭스·테슬라가 꺼낸 카드=해고
2022-06-24,넷플릭스 또 직원 해고…가입자 감소 등 위기 심상치 않아
2022-06-24,"메타, 넷플릭스의 굴욕…성장주에서 '가치주'로 이동[서학개미리포트]"
2022-06-24,위기의 넷플릭스…직원 300명 또 정리해고
2022-06-24,"넷플릭스·메타·페이팔, 이젠 성장주 아니라 가치주"
2022-06-24,"직원 300명 또 정리해고…넷플릭스, 한 달 만에 2차 감원"
2022-06-24,"'가입자 감소' 넷플릭스, 직원 300명 또 정리해고"
2022-06-24,잘 나가던 넷플릭스...전세계에서 300명 감원
2022-06-24,"올해 주가 폭락한 페북·넷플릭스·페이팔, 대표 성장주에서 가치주로"
2022-06-24,"허리띠 졸라매는 넷플릭스, 300명 추가 정리해고"
2022-06-26,메타·넷플릭스의 굴욕?…이젠 가치株라네요
2022-06-28,"와디즈, 넷플릭스와 손잡고 콘텐츠 IP 사업 출사표…'종이의집' 굿즈 펀딩"
2022-06-28,"넷플릭스 ""아시아 콘텐츠 투자는 늘릴 것"""
2022-06-30,"롯데百, 넷플릭스 '종이의 집' 막걸리 선보인다"
2022-06-30,넷플릭스 아시아 투자 확대 소식에 스튜디오드래곤 '들썩'
2022-06-30,"넷플릭스 ‘종이의 집’ 막걸리, 롯데百서 만난다"
2022-06-30,"롯데百, 넷플릭스 '종이의 집' 막걸리 선봬"
2022-06-30,KT '이상한 변호사 우영우' 넷플릭스에 동시 공개하는 이유
2022-06-30,"넷플릭스 '종이의 집' 막걸리, 롯데百서 선보인다"
2022-07-01,"3년만에 방한한 넷플릭스 헤이스팅스 CEO, KT 구현모 대표와 회동"
2022-07-01,"KT, 넷플릭스·디즈니 이어 티빙과도 제휴"
2022-07-01,"넷플릭스 CEO, 구현모 KT 대표와 '깜짝 회동'…양사 협업 방안 논의"
2022-07-01,넷플릭스가 병 주고 약 주고?…반등하는 콘텐츠株
2022-07-01,"한국 찾은 넷플릭스 CEO, '망 사용료' 갈등 SK와 미팅 없이 출국"
2022-07-01,"KT “티빙, 넷플릭스, 디즈니+까지 마음대로 ‘초이스’ 하세요”"
2022-07-01,'게임판 넷플릭스' 품은 삼성전자 TV…게이밍 허브 서비스 개시
2022-07-02,"""넷플릭스 거기 서~""...K-OTT의 전략은 '적과 손잡아서라도 몸집 키우기'"
2022-07-03,넷플릭스도 관심 커진 KT 콘텐츠
2022-07-03,우영우부터 구필수까지…'KT표 콘텐츠'에 넷플릭스 CEO도 반했다
2022-07-05,"파이퍼 샌들러, 넷플릭스 목표가 거의 30% 하향"
2022-07-05,"""NFT, 낯설어서 도입 주저? 넷플릭스처럼 新시장 개척할 것"""
2022-07-06,"바클레이즈, 넷플릭스 목표주가 170달러로 낮춰"
2022-07-06,"GS샵, 업계 최초 넷플릭스 신작 ‘블랙의 신부’ 팝니다"
2022-07-06,"넷플릭스, ‘기묘한 이야기’ 흥행에도 불안한 미래 [서학개미 리포트]"
2022-07-06,"GS샵, 업계 최초 드라마 소개 방송…넷플릭스 신작 '블랙의 신부' 판매"
2022-07-06,"GS샵, 홈쇼핑 방송 통해 넷플릭스 신작 '블랙의 신부' 소개"
2022-07-06,"홈쇼핑에 김희선 출연…GS샵, 넷플릭스 신작 ‘블랙의 신부’ 소개 방송"
2022-07-06,흔들리는 넷플릭스…토종 OTT ‘콘텐트 투자 올인’ 대신 '전략적 협업'[토종 O...
2022-07-06,"홈쇼핑에서 드라마 홍보를? GS샵 ""넷플릭스 신작 ‘블랙의 신부’ 소개"""
2022-07-07,'환혼’ 넷플릭스 글로벌 5위 '비영어권'
2022-07-07,"바클레이즈, 넷플릭스 목표 주가 170달러로 낮춰"
2022-07-08,넷플릭스도 주목하는 KT콘텐츠… 구현모 청사진 '순풍'
2022-07-10,"해외도 '우영우' 앓이, 넷플릭스 세계 8위 …'KT 콘텐츠' 통했다"
2022-07-11,"김태오 ""대응 느리면 넷플릭스도 위기 직면""…선제적 변화 강조"
2022-07-11,‘넷플릭스 톱 10 웹사이트’로 살펴본 상반기 인기 콘텐츠 키워드
2022-07-11,"[특징주] 에이스토리, '우영우' 세계 넷플릭스 10위 등극에 12%↑"
2022-07-11,"'우영우', '종이의집' 꺾고 넷플릭스 10위...'증인'의 그 소녀, 변호사 됐..."
2022-07-12,홈쇼핑의 변신…넷플릭스 드라마 팔고 집 리모델링 상담도
2022-07-12,"구글, 넷플릭스 등 글로벌 콘텐츠사의 망 무임승차 근절 방안 모색 현장 방문 간담..."
2022-07-12,"[쫌아는기자들] 메이크스타, 굿즈 ‘총대’에서 K팝 넷플릭스를 꿈꾸는 이유"
2022-07-12,"""넷플릭스, 광고 담당 임원 물색""...저가형 요금제 임박?"
2022-07-13,"넷플릭스, 올해 4분기 광고 삽입형 저가 요금제 출시"
2022-07-13,"위기의 넷플릭스, '광고 삽입형' 저가 서비스 출시 준비"
2022-07-13,"'우영우' 열풍, 해외에서도 본격화…넷플릭스 글로벌 1위 등극"
2022-07-13,"넷플릭스, 4분기에 광고 있는 저가 서비스 출시 준비"
2022-07-13,"광고 요금제 준비하는 넷플릭스…""워너브라더스 등과 계약 재협상중"""
2022-07-14,"①넓은 기반 KT ②콘텐츠의 CJ, 손잡고 넷플릭스 쫓는다...'티빙'과 '시즌'..."
2022-07-14,"마침내 티빙-시즌 합병…‘토종 OTT’ 합종연횡, 넷플릭스 대항마 될까"
2022-07-14,"국산 1위 타이틀 뺏었다…'합방' 티빙+시즌, 이제 넷플릭스 쫓는다"
2022-07-14,"구독시장 뛰어든 LGU+, 넷플릭스·쏘카도 할인"
2022-07-14,KT 시즌-CJ 티빙 합병 확정…넷플릭스 맞설 국내 최대 OTT 탄생(종합)
2022-07-14,티빙과 넷플릭스를 저렴하게 구독한다? LG유플러스 구독 플랫폼 ‘유독’ 선보여
2022-07-14,갈때까지 간 넷플릭스..결국 선택은 광고삽입(?)
2022-07-14,"'우영우' 박은빈 ""부끄럽습니다""...넷플릭스 비영어권 시청시간 1위"
2022-07-14,"실적악화 넷플릭스 ""광고보면 할인해줄게"""
2022-07-14,"""넷플릭스·유튜브 함께 구독시 최대 50% 할인"" LGU+, '유독' 출시"
2022-07-14,'우영우' 넷플릭스 비영어권 1위에 갤럭시아머니트리 등 강세
2022-07-14,"넷플릭스, 광고 요금제 도입 위해 MS와 손잡았다"
2022-07-14,"넷플릭스, 광고 삽입형 저가 서비스 위해 MS와 제휴"
2022-07-14,"넷플릭스, 광고 요금제 위해 MS와 손잡는다"
2022-07-14,"넷플릭스로 울었던 드라마 제작사, 애플·디즈니로 ‘활짝’"
2022-07-15,"스튜디오미르作 '도타: 용의 피' 시즌3, 8월 넷플릭스 독점 공개"
2022-07-15,"스튜디오미르, '도타: 용의 피' 시즌3 8월 11일 넷플릭스 독점 공개"
2022-07-15,‘티빙-시즌 합병’ 최대 토종 OTT 탄생...넷플릭스 ‘벽’ 도전장
2022-07-15,"""넷플릭스, MS에 회사 팔려는 의도""…두 공룡의 `광고동맹` 숨은 뜻"
2022-07-15,위기의 넷플릭스...광고 삽입형 저가 서비스로 반전 계기 찾을까
2022-07-15,'넷플릭스 구독료'는 물가에 어떻게 반영될까
2022-07-17,"뉴욕증시 '실적의 시간'…테슬라·넷플릭스, 기술주 반등 이끌까? [월가월부]"
2022-07-18,위기의 넷플릭스…올 2분기 가입자 이탈 규모 '주목'
2022-07-18,넷플릭스·테슬라 2분기 실적 나온다 [3분 미국주식]
2022-07-18,"뉴욕증시, 금주 테슬라·넷플릭스 등 실적 따른 변동성…비트코인 하락 [출근전 꼭 ..."
2022-07-18,"UBS, 넷플릭스 목표주가 355→198달러…""실적 부진"""
2022-07-19,"크레디트 스위스, 넷플릭스 '중립' 평가…목표가 350달러, 83% 상승 여력"
2022-07-19,"19일 뉴욕증시, 넷플릭스 실적 발표 최대 관심"
2022-07-19,"가입자 짐싸는데…넷플릭스, 추가요금 대상 확대 `속도`"
2022-07-19,"넷플릭스, 프랜차이즈 전략 본격 추진…자체 '스타워즈' 키운다"
2022-07-19,"넷플릭스, 韓 콘텐츠 제작자 300명에 최신 특수효과 기술 선봬"
2022-07-19,"월가, 실적 앞둔 넷플릭스·테슬라에 '매수' 투자의견"
2022-07-20,"예상보다 가입자 덜 잃은 넷플릭스, 주가 반등할까"
2022-07-20,“2분기도 가입자 97만명↓”위기의 넷플릭스 묘수 찾을까…주목하는 국내 OTT 시...
2022-07-20,넷플릭스 2Q 실적 선방에…K-콘텐츠주도 '활짝'
2022-07-20,"""넷플릭스는 못 끊어""…2분기 악재 속 '실적 선방'"
2022-07-20,"""구독자 수, 예상보다 덜 줄었네""…한시름 던 넷플릭스"
2022-07-20,"[엔터Biz-D] 스튜디오드래곤, 5.34%↑…넷플릭스 깜짝 발표에 강세"
2022-07-20,"넷플릭스, 가입자 또 줄었지만…""최악 피했다"""
2022-07-20,"국내 통신 3사에 5G 중간요금제는 '압박'…넷플릭스 '망사용료'는 ""답 못해"""
2022-07-20,넷플릭스의 재발견?…양호한 2분기 실적에 주가 10%대 급등
2022-07-20,‘넷플릭스 쇼크’ 잦아들까…경기둔화·강달러에 “전망 어두워”
2022-07-20,美 넷플릭스 2분기 선방...저가 서비스 예정대로 추진
2022-07-20,"넷플릭스, 2분기 가입자 97만명 감소... 최악은 면해"
2022-07-20,"[특징주] 갤럭시아머니트리, 넷플릭스 2주 연속 비영어 TV 부문 1위에 강세"
2022-07-20,"亞시장이 살린 넷플릭스, K콘텐츠 입김 세진다 [서학개미 리포트]"
2022-07-20,"""넷플릭스, 2분기 예상보다 선방""…콘텐츠주 동반 강세"
2022-07-20,"""스튜디오드래곤, 넷플릭스가 전부 아냐…주가 디커플링 필요"""
2022-07-21,"""넷플릭스가 돌아왔다""…줄 잇는 `매수` 추천 [서학개미 리포트]"
2022-07-21,"넷플릭스 실적에 '상승랠리'…""국내 인터넷株 전망은?"""
2022-07-21,[뉴스새벽배송]호실적에 뉴욕증시↑…넷플릭스·반도체 '강세'
2022-07-21,'바닥 기대감' 속 위험자산 'UP'...넷플릭스 7%↑[뉴욕마감]
2022-07-21,"뉴욕증시, 이틀째 넷플릭스발 기술주 랠리 '넷플릭스 7%↑'…유가·비트코인 하락 ..."
2022-07-21,[뉴욕마감]나스닥 1.6% 상승…넷플릭스 전망 상향 호재
2022-07-21,[뉴욕증시]넷플릭스가 살린 기술주 안도랠리…나스닥 1.6%↑
2022-07-21,[속보]넷플릭스發 기술주 상승 랠리…나스닥 1.6%↑
2022-07-21,"[속보] 실적 호조, 넷플릭스 7.35% 급등"
2022-07-22,"시티펠, 넷플릭스 '매수'로 상향…가입자 손실 가능성 희박, 안정화 조짐"
2022-07-22,"‘넷플릭스와 협업’ 아우디, 영화 ‘그레이 맨’ 공식 차량 파트너로"
2022-07-22,"아우디, 넷플릭스 영화 '그레이 맨'에 차량 지원"
2022-07-23,"위기의 넷플릭스, ‘광고보는 요금제’가 구원할까"
2022-07-25,"위기의 넷플릭스, 8개월새 주가 68% 떨어졌다"
2022-07-25,"""美 영상소비 33.7% OTT 이용""…넷플릭스 점유율 사상최고"
2022-07-25,실적 실망에도 주가 급등한 넷플릭스·테슬라…美증시 기현상 이유
2022-07-26,"LG헬로비전 케이블TV, 넷플릭스처럼 바꿨다"
2022-07-26,"주원, 넷플릭스 영화 '카터'로 컴백… 8월 5일 공개"
2022-07-27,"[CEO초대석] 류호준 트랜스베버리지 대표 ""라이벌은 넷플릭스"""
2022-07-28,"넷플릭스 ""모든 기기서 스트리밍 문제""…접속장애 1300건 보고"
2022-07-29,"[특징주] 갤럭시아머니트리, '이상한 변호사 우영우' 넷플릭스 세계 3위에 상승"
2022-08-01,케뱅-삼성카드 '맞손'…넷플릭스 등 최대 월 5만5천원 할인 카드 출시
2022-08-03,"뉴욕증시, 미중 긴장·경제지표 부진 속 하락 '넷플릭스·듀폰 2%↓'…비트코인 등..."
2022-08-04,"""넷플릭스 거죠?"" 가수들 이것부터 묻는다…달라진 'OST 돈줄'"
2022-08-05,넷플릭스 뒤쫓는 워너브라더스디스커버리…광고기반 무료 스트리밍 서비스 추진
2022-08-06,"""수백억 하는 로봇 엄두나 냈겠습니까?""...로봇도 넷플릭스처럼 구독하는 시대"
2022-08-07,'우영우의 힘'…넷플릭스 이용 5개월만에 증가
2022-08-07,OTT 구원투수 '우영우'…넷플릭스 이용자 한달새 100만 늘었다
2022-08-08,"""기업교육도 넷플릭스처럼""…휴넷, 'HRD 플렉스' 운영 기업으로 선정"
2022-08-09,넷플릭스도 'OTT 쪼개팔기' 페이센스 법적대응 검토
2022-08-09,"""넷플릭스 모바일 게임 이용자수 1%도 안 돼"""
2022-08-10,"""스트리밍 전쟁, 아마존·애플·디즈니가 승자""…넷플릭스는?"
2022-08-10,'우영우' 인기 언제까지… 넷플릭스 비영어권 TV 부문 2주 연속 1위
2022-08-10,"‘엔데믹 위기’ 닥친 넷플릭스, 광고 비즈니스 모델로 기사회생?"
2022-08-11,"OTT 지각변동? 디즈니+, 넷플릭스 구독자 제쳐"
2022-08-11,넷플릭스 아성 넘었지만…웃지 못한 디즈니
2022-08-11,월트디즈니 가입자수 넷플릭스 역전...가격 인상·광고 추가 나선다
2022-08-11,"디즈니 OTT 구독, 넷플릭스 추월…BTS·슈퍼히어로 집중"
2022-08-11,넷플릭스 제친 디즈니…광고 버전 만들고 구독료 올린다
2022-08-11,넷플릭스 구독 앞지른 월트디즈니…시간외 120달러 돌파 [서학개미 리포트]
2022-08-11,"시작 늦었지만... 디즈니+, 넷플릭스 구독수 제쳤다"
2022-08-11,주원의 '목욕탕 액션' 전 세계에 통했다…'카터' 넷플릭스 비영어권 1위
2022-08-11,넷플릭스 죽쑤는데 디즈니는 '미소'…스트리밍 구독자 예상 밖 증가
2022-08-11,"디즈니플러스 가입자 수, 넷플릭스 넘어서…가격 인상 예고"
2022-08-11,"삼성 언팩에 또 나온 넷플릭스 드라마…""휘어지는 게 바로 '>'"""
2022-08-12,"나스닥 강세장 진입…""애플 반드시 소유하고 넷플릭스는 피해야"""
2022-08-12,"근로자 훈련 콘텐츠, 넷플릭스처럼 자유롭게 골라서 이용"
2022-08-16,LGU+로 넷플릭스 구독하고 튀르키예 여행 가자
2022-08-17,"""넷플릭스로 열리는 OTT광고시장, 선점하겠다"""
2022-08-17,"삼성카드 '케이뱅크 삼성iD카드', 야놀자부터 넷플릭스까지 할인"
2022-08-19,"넷플릭스 '브리저튼' 팬 무단 제작 뮤지컬, 결국 소송으로"
2022-08-19,"쇼박스, 넷플릭스에 '살인자ㅇ난감' 공급…7%대 강세"
2022-08-19,"[특징주] 쇼박스, 넷플릭스와 OTT콘텐츠 제작계약 체결 소식에 급등"
2022-08-19,[쫌아는기자들] 창업가들은 왜 ‘넷플릭스 리더십’ 따라하다 직원을 잃는가?
2022-08-19,"뉴욕증시, 연준 의사록 소화하며 소폭 상승…알파벳 0.51%·넷플릭스 1.66% ..."
2022-08-19,"""케이블TV 대신 넷플릭스""…美 스트리밍 시청시간, 케이블 첫 추월"
2022-08-19,"[글로벌 비즈 브리핑] ""???????넷플릭스, 광고 달린 새 요금제 '건너뛰기'..."
2022-08-21,"쫓기는 넷플릭스… 스트리밍 전쟁, 영원한 1등은 없다 [글로벌 리포트]"
2022-08-22,"CFRA, 넷플릭스 보류→매도…목표가 238달러"
2022-08-22,"CFRA, 40% 급등한 넷플릭스 쉬어갈 때…'매도'로 하향"
2022-08-22,"""성장 둔화에 웬 성장주?""…넷플릭스 주식 팔라 [서학개미 리포트]"
2022-08-23,‘돌아섰던 고객 다시 돌아왔나’ OTT 넷플릭스 수요 반등
2022-08-23,"뉴욕증시, 폭락 마감...넷플릭스 6%↓"
2022-08-24,"SKB vs 넷플릭스, 법정서 5차 망 전쟁…'피어링' 두고 평행선"
2022-08-24,"넷플릭스-SKB, 2년 넘게 '망 사용료' 법적 공방…여전히 평행선"
2022-08-24,"'리틀 버핏' 애크먼, 넷플릭스 이어 도미노피자 전량 매각"
2022-08-24,"""마지막까지 우투더영투더우""…우영우, 넷플릭스 시청시간 랭킹 1위"
2022-08-25,"SKB-넷플릭스 주고받은 이메일에 ""금액언급없다""만 반복"
2022-08-25,맥도날드도 넷플릭스 K콘텐츠에 '눈독'…'88 서울 비-프 버거' 출시
2022-08-25,"""넷플릭스 주식 팔아라""…그들이 받아든 3가지 버거운 숙제"
2022-08-25,"맥도날드, 넷플릭스 협업 메뉴 '88 서울 비-프 버거' 출시"
2022-08-25,"맥도날드, 넷플릭스 콘텐츠와 첫 협업…'88 서울 비-프 버거' 출시"
2022-08-26,넷플릭스 ‘서울대작전’ 진짜 주인공은 車車車…현대차 레트로 모델 ‘총출동’
2022-08-26,"현대차 레트로 차량들, 넷플릭스 영화 '서울대작전'서 달린다"
2022-08-26,"현대차 '1세대 그랜저', 넷플릭스 등장…왜?"
2022-08-26,"현대차 '각그랜저', 넷플릭스 영화 '서울대작전'에 나온다"
2022-08-26,"현대차 '각그랜저', 넷플릭스 영화 '서울대작전'에 나온다"
2022-08-26,"현대차 레트로 차량들, 넷플릭스 영화 ‘서울대작전’서 등장"
2022-08-26,"현대차 레트로 차량들, 넷플릭스 영화 서울대작전서 달린다"
2022-08-26,현대차 레트로 차량 넷플릭스에 총출동…영화 '서울대작전' 등장
2022-08-28,"넷플릭스, 광고삽입형 요금제 윤곽…요금은 반값 수준"
2022-08-29,"""광고 보면 반값 요금""…넷플릭스, 요금제 변경 검토"
2022-08-29,"넷플릭스, 광고삽입형 요금제 윤곽"
2022-08-29,"""넷플릭스, 저가 요금제 월 7~9달러로 검토 중"""
2022-08-30,"OTT 공룡 넷플릭스, 25살 됐다…""국가·문화 넘어 공감대 형성"""
2022-08-31,'25살 OTT 제왕' 넷플릭스 '웃지 못하는 속사정'
2022-09-01,"""1시간당 광고 4분 보면 요금할인""...넷플릭스, 저가서비스 11월 출시할듯"
2022-09-01,"""넷플릭스 광고삽입형 요금제 11월에 나온다"""
2022-09-01,"넷플릭스가 인정한 스튜디오미르, 코스닥 상장 추진"
2022-09-01,"미국 넷플릭스, 광고형 저가 서비스 11월 1일 출시할 듯"
2022-09-01,넷플릭스·디즈니 ‘반짝’… 출구 찾는 OTT [3분 미국주식]
2022-09-05,“돈 내고 쓰는데 무슨 광고!” 사면초가 넷플릭스
2022-09-05,넷플릭스 만원 보다 저항 거센 '수신료' 2500원
2022-09-06,페이스북·넷플릭스의 추락?…미 증시 대표주 ‘FAANG’에서 ‘MATANA’로
2022-09-06,"가난해진 日, 韓보다 넷플릭스 구독료 싸다…""G7 중 최저"""
2022-09-07,"넷플릭스 구독료, 한국보다 싸다…'싸구려 일본' 전방위 확산 [정영효의 인사이드 ..."
2022-09-08,"넷플릭스, 가입자 이탈 타격…전방위적 비용 절감 나서"
2022-09-08,경력 대신 인턴 채용·사무실 폐쇄…허리띠 졸라맨 넷플릭스
2022-09-10,"""넷플릭스만 팔아라"" 경고 쏟아지는 와중에…뜻밖의 전망 [설리의 글로벌 픽]"
2022-09-13,"`의류업계 넷플릭스` 렌트더런웨이, 구독자 부진에 대대적 감원"
2022-09-13,넷플릭스 '수리남' 인기에 …주가 5% 뛴 수혜주는
2022-09-13,‘수리남’ 넷플릭스 세계 8위… 콘텐트리중앙 5.5% 급등
2022-09-13,넷플릭스 덕에 날았다…'수리남·오겜' 관련주 '훨훨' [종합]
2022-09-13,넷플릭스 ‘수리남’ TV쇼 부문 글로벌 6위…수혜주는?
2022-09-13,넷플릭스 '수리남' 흥행에 콘텐트리중앙 5%대 상승
2022-09-13,넷플릭스 글로벌 6위 '수리남'…콘텐트리중앙 실적 개선 이끌까
2022-09-13,"[특징주] 수리남, 넷플릭스 글로벌 8위에 콘텐트리중앙 강세(종합)"
2022-09-13,넷플릭스 내용증명 받고도 ‘1일권’ 파는 페이센스
2022-09-13,"[특징주]콘텐트리중앙, '수리남' 넷플릭스 흥행에 5%대 강세"
2022-09-13,"콘텐트리중앙, ‘수리남’ 넷플릭스 흥행에 6%대 상승 [증시이슈]"
2022-09-13,"[특징주] 콘텐트리중앙, 넷플릭스 ‘수리남’ 흥행·호평에 6% 가까이 상승"
2022-09-13,"콘텐트리중앙, 넷플릭스 신작 '수리남' 흥행에 상승"
2022-09-13,"[특징주] 콘텐트리중앙, '수리남' 넷플릭스 선전에 7%대 급등"
2022-09-13,"[특징주] 수리남, 넷플릭스 글로벌 8위에 콘텐트리중앙 강세"
2022-09-13,"콘텐트리중앙, 넷플릭스 글로벌 6위 '수리남' 기대감…장 초반 급등"
2022-09-13,"""콘텐트리중앙, 넷플릭스 '수리남' 글로벌 8위 등극…수익성 개선"""
2022-09-13,"[클릭 e종목] '수리남', 넷플릭스 8위…""콘텐트리중앙, 수익성 개선 기대"""
2022-09-14,넷플릭스 광고 클래스 출시 앞당길듯…월가 반응 미지근
2022-09-14,"넷플릭스 굿즈 만든 원스톱 제조 플랫폼 '크렐로', 팁스 선정"
2022-09-15,"넷플릭스, 광고 삽입형 요금제 내년 4000만 가입자 예상"
2022-09-15,"넷플릭스 등 OTT 공동구독 '링키드', 중기부 팁스 선정"
2022-09-15,"넷플릭스, 애니메이션 스튜디오 직원 30명 해고"
2022-09-15,OTT 콘텐츠 21%는 ‘청소년 관람불가’…넷플릭스가 ‘청불’ 가장 많아
2022-09-15,"넷플릭스 ""광고 삽입형 요금제 구독자 내년 4000만명 넘을 것"""
2022-09-15,"넷플릭스 ""광고형 저가 서비스 구독자 내년 4천만명 전망"
2022-09-16,'광주 에이스페어' 22일 개막…넷플릭스 공동창립임원 기조연설
2022-09-16,"OTT 침체 속, 하반기도 넷플릭스만 ‘펄펄’"
2022-09-16,'쪼개기 장사' 페이센스에 넷플릭스·디즈니도 칼 뺐다
2022-09-16,'우영우' 덕 본 넷플릭스…8월 사용자 1214만명으로 1위
2022-09-16,‘우영우’가 넷플릭스 살렸다… 이용자 수 반등
2022-09-16,"에버코어, 넷플릭스 34% 상승 가능…광고 지원 서비스 기대"
2022-09-17,“우영우 고마워”…넷플릭스 이용자 다시 늘었다
2022-09-17,왜 넷플릭스는 자존심 접고 광고와 타협했나
2022-09-18,월가 “새로운 요금제 기대”…모처럼 들뜬 ‘넷플릭스’
2022-09-19,"오펜하이머, 넷플릭스 '시장수익률초과' 상향"
2022-09-19,넷플릭스·디즈니플러스 광고 요금제 도입..수혜주는?
2022-09-19,"'OTT 쪼개 팔기' 페이센스, 넷플릭스 일일권 판매 중단"
2022-09-19,"MZ세대 취준생 “은행보다 ‘카뱅’, 방송국보다 ‘넷플릭스’ 취업 원해”"
2022-09-20,"""광고형 요금제로 가입자 다시 는다""…성장株로 돌아온 넷플릭스"
2022-09-20,"오펜하이머, 넷플릭스 '시장수익률 상회' 상향…새로운 광고층, 성장 견인"
2022-09-22,"'오겜' 수익 넷플릭스는 10억弗, 제작진 1억弗…바꿀 수 있다 [세지포]"
2022-09-22,반등 성공한 넷플릭스 담아볼까
2022-09-22,"넷플릭스 공동 창업 임원 ""숏폼·메타버스가 최대 경쟁자"""
2022-09-24,넷플릭스가 당신을 유혹하는 방법은 다양한 포스터?
2022-09-27,치열해진 OTT 시장…넷플릭스·디즈니+가 요금제 손 본 이유
2022-09-27,"넷플릭스, 게임사업 강화…자체 게임 개발사 설립"
2022-09-28,"어틀랜틱, 넷플릭스 광고지원등급 효과…""비중확대""상향"
2022-09-28,"""광고형 요금제, 3년내 전체매출 최대 20%…넷플릭스 주식 사라"""
2022-09-28,"넷플릭스가 출시할 ‘광고요금제’, “이용의향 있다” 72% '중간광고 삽입에 대해..."
2022-09-29,"넷플릭스, 광고형 요금제 신성장 동력 기대 (영상)"
2022-09-29,"아틀랜틱 에퀴티스, 넷플릭스 '비중확대'로 상향...광고형 요금제 긍정"
2022-10-04,김치·인삼 등 'K-농식품' 넷플릭스 타고 세계로…한류 콘텐츠로 홍보
2022-10-05,"골드만삭스 ""모더나 150% 오르고 넷플릭스 21% 하락 예상"""
2022-10-07,넷플릭스가 이젠 미국인 생활필수품? [오늘의 월가이슈]
2022-10-09,반환점 지난 '플랫폼 국감'..구글.애플.넷플릭스 난타전 예고
2022-10-11,넷플릭스 '광고요금제'로 내년 북미시장서 매출 6억달러 전망
2022-10-11,"네오위즈 '고양이와 스프', 넷플릭스 입점… 한국 게임 최초"
2022-10-11,"""광고요금제로 넷플릭스 4년간 북미 가입자 2200만 순증"" [서학개미 리포트]"
2022-10-11,"네오위즈, 넷플릭스와 모바일게임 ‘고양이와 스프’ 퍼블리싱 계약 체결"
2022-10-11,"""인앱 결제 NO"" 네오위즈 '고양이와 스프', 11월 넷플릭스에 '쏙'"
2022-10-11,"네오위즈, 넷플릭스와 모바일 게임 ‘고양이와 스프’ 퍼블리싱 계약"
2022-10-11,"네오위즈 '고양이와 스프', 넷플릭스와 퍼플리싱 계약"
2022-10-11,넷플릭스에서 네오위즈 '고양이와 스프' 즐긴다…韓게임 첫 입점
2022-10-11,"네오위즈, 넷플릭스와 ‘고양이와 스프’ 퍼블리싱 계약 체결"
2022-10-12,"""생큐 넷플릭스""…힘받는 광고株"
2022-10-12,"(영상)워너뮤직, 불황기엔 넷플릭스·디즈니보다 낫다?"
2022-10-12,"지난달 신규 설치자 가장 많은 OTT앱, 쿠팡플레이 > 넷플릭스 > 디즈니+ 순"
2022-10-12,"넷플릭스, 게임 분야 진출 가속… 네오위즈 '고양이와 스프' 입점"
2022-10-13,SKB vs 넷플릭스 '무정산 약정서'로 공방
2022-10-13,"“유튜버 뒤에 숨지 말라” 구글·넷플릭스 ‘공짜 망사용’ 여론전, 통신사 분노"
2022-10-13,"美 펀드매니저 ""63% 하락한 넷플릭스를 지금 사야하는 이유"""
2022-10-13,티빙·웨이브 제친 '쿠팡플레이'…신규는 넷플릭스도 넘었다
2022-10-14,넷플릭스 '반값 승부'…OTT 가격 경쟁 불붙나
2022-10-14,넷플릭스 다음달 ‘5500원 광고 요금제’ 출시…OTT 저가 요금제 경쟁 시작되나
2022-10-14,넷플릭스 ‘광고 요금제’ 11월 출시…한국 월 5500원
2022-10-14,"넷플릭스, 다음달부터 광고 들어간 서비스 시작"
2022-10-14,'수리남' 중간에 광고가 뜬다면?…'5500원 요금제' 승부수 띄운 넷플릭스
2022-10-14,"넷플릭스, 광고 보고 반값에 쓴다?…11월 광고 요금제 출시"
2022-10-14,넷플릭스 월 5500원 요금제 나온다…“시간당 4~5분 광고”
2022-10-14,넷플릭스 5500원짜리 파격가 내놨다…대신 시간당 '4분 광고'
2022-10-14,"넷플릭스 광고요금제, 디즈니+ 보다 싸다…가입자 늘까 (영상)"
2022-10-14,"넷플릭스, 내달부터 '광고형 저가 요금제' 도입"
2022-10-14,"광고 보면 넷플릭스 5,500원…내달 4일 도입 확정"
2022-10-14,"넷플릭스, 저가요금제 다음달 출시…한국은 月 5500원"
2022-10-14,"넷플릭스, '광고 요금제' 내달 도입…""월 5500원에 최고 720p 화질"""
2022-10-14,넷플릭스 ‘광고 포함 저가 요금제’ 11월 첫선…한국 월 5500원
2022-10-14,"넷플릭스, 내달 광고요금제 출시...월 6.99 달러"
2022-10-14,넷플릭스 '월 6.99달러' 광고 요금제 11월 출시…韓은 5500원
2022-10-14,"넷플릭스, 광고 들어가는 저가 요금제 출시…한국 월 5500원"
2022-10-14,"넷플릭스, 광고 요금제 내달 3일 출시…한국선 월 5500원(종합)"
2022-10-16,넷플릭스 새 돈줄 뭐길래…투자사들 목표가 줄줄이 상향
2022-10-16,"테슬라·넷플릭스 실적발표, 증시 상승 이끌까"
2022-10-17,"다시 살아나는 넷플릭스, 그러자 주목 받는 한국 주식"
2022-10-17,"넷플릭스, 국내 광고 판매 KT계열 '나스미디어' 독점"
2022-10-17,"이번주 뉴욕증시, 테슬라·넷플릭스 등 실적 발표 주목"
2022-10-17,3분기 어닝시즌 본격화…테슬라·넷플릭스·BoA 관전포인트는
2022-10-17,넷플릭스·테슬라 3분기 실적 나온다 [3분 미국주식]
2022-10-17,"뉴욕증시, 어닝시즌 테슬라·넷플릭스 실적주목…유가·비트코인 소폭 상승 [출근전 꼭..."
2022-10-17,이번주 테슬라·넷플릭스 3분기 실적발표 '주목'
2022-10-18,"과기부, 넷플릭스법 손댄다…""제도 개선 추진"""
2022-10-18,[김지윤의 시승기 - 케이씨모터스 ‘노블클라쎄 L9’] 카니발 프리미엄 리무진 ‘...
2022-10-18,"[특징주] 나스미디어, 넷플릭스 실적·'광고 요금제' 기대감에 5%대↑"
2022-10-18,"[ET라씨로] 나스미디어, 넷플릭스 '광고요금제' 단독 판매대행사로 선정…8% ↑"
2022-10-18,"[특징주]나스미디어, 넷플릭스 실적 훈풍 기대감에 8%대↑"
2022-10-18,"""넷플릭스, 3분기 순사용자 1백만명 추가 예상"" 키뱅크"
2022-10-19,"넷플릭스, 예상밖 구독자 급증에도 월가 전망 엇갈려"
2022-10-19,"다시 가입자 늘린 넷플릭스…""최악 끝났다"" vs ""더 지켜봐야"""
2022-10-19,"""우영우 고맙다""…넷플릭스 3분기 날았다"
2022-10-19,"[해외주식 포커스] ""생큐 우영우"" 가입자 폭증 넷플릭스 14% 급등"
2022-10-19,돌아온 넷플릭스 덕?…3분기 ‘어닝서프라이즈’ 발표하자 국내 콘텐츠株들 급등
2022-10-19,넷플릭스 살린 ‘우영우’ 제작사 에이스토리 10% 급등
2022-10-19,'우영우' '수리남'이 넷플릭스 실적 견인했다…국내 OTT 관련주 빛볼까
2022-10-19,"코스피 하락, 넷플릭스 3분기 호실적에 방송·콘텐츠株 강세 [마감시황]"
2022-10-19,‘우영우’ 위기의 넷플릭스 살려냈다 [3분 미국주식]
2022-10-19,'어닝 서프라이즈' 넷플릭스..그러나 K콘텐츠주 실적은 '글쎄'
2022-10-19,넷플릭스 가입자 증가에 K-콘텐츠 관련주 상승(종합)
2022-10-19,[특징주] 넷플릭스 깜짝실적에 방송주 강세…'우영우' 제작사↑(종합)
2022-10-19,'우영우' 덕 본 넷플릭스 깜짝실적…3분기 가입자 241만명↑(종합2보)
2022-10-19,"'우영우' '수리남' K콘텐츠, 넷플릭스 실적 구원했다"
2022-10-19,TV시청점유율 상승+광고요금제= 넷플릭스 성장 기대 [서학개미 리포트]
2022-10-19,"넷플릭스, 구독자 감소세 제동...스트리밍 정상 재탈환"
2022-10-19,넷플릭스 3분기 깜짝 실적…매출·가입자 수 호조세에 주가도 14% ‘껑충’
2022-10-19,"넷플릭스, 프로필 이전 기능 도입…계정공유 중단 유도"
2022-10-19,"넷플릭스, 내년 초부터 계정공유 단속·추가요금 전망(종합)"
2022-10-20,'구글·넷플릭스·메타'는 손 못대…넷플법과 중복 우려도
2022-10-20,"""돈 버리는 메타, 제살 깎는 넷플릭스""…최고 IT애널 ""둘 다 매도"""
2022-10-20,넷플릭스 3Q 어닝 서프라이즈…저가요금제 출시도 기대↑-키움
2022-10-20,"뉴욕증시, 국채금리 상승에 하락 마감…넷플릭스는 13% ↑"
2022-10-20,"JP모간, 넷플릭스 '비중확대'로 상향...내년 유료 가입자 증가 전망"
2022-10-21,구글-넷플릭스 등 국감장 선 빅테크 대표들…망사용료 집중 질의
2022-10-21,'카카오 먹통'에 구글·메타·넷플릭스 집합…사고 예방 조치 긴급 점검(종합)
2022-10-21,오늘 국감장 서는 구글·애플·넷플릭스…'망 무임승차·인앱결제' 집중포화
2022-10-22,아직도 잘나가네…넷플릭스 가입자 '깜짝 증가'
2022-10-24,"넷플릭스 추천 실력 오른 이유? 학계 전문가들, '업스테이지톡'서 밝힌다"
2022-10-24,"처벌 약한 ‘넷플릭스법’, 효과 없었다…시행 이후 네이버, 카카오 서비스 중단 계..."
2022-10-25,"“넷플릭스, 국내서 1조 넘게 벌고 낸 세금은 59억뿐”"
2022-10-25,한국서 3년간 1조원 넘게 번 넷플릭스… 세금은 59억원이 전부?
2022-10-25,"넷플릭스, 1조 넘게 벌고 세금은 59억원만 납부"
2022-10-25,"“넷플릭스, 韓 매출 대부분 본사 수수료 명목 해외로 빼돌려”"
2022-10-25,"""넷플릭스, 국내서 1조 원 벌고 세금은 59억 원 납부"""
2022-10-25,"""넷플릭스, 3년간 1조 넘게 벌고도 납부한 세금은 59억원뿐"""
2022-10-26,"스튜디오미르 ""자체 제작 넷플릭스 애니 '외모지상주의' 메인 트레일러 공개"""
2022-10-26,스튜디오미르 “자체 제작 넷플릭스 애니 ‘외모지상주의’ 메인 트레일러 공개”
2022-10-27,"스튜디오미르, 자체 제작 넷플릭스 애니 '외모지상주의' 메인 트레일러 공개"
2022-10-27,"넷플릭스, 약속을 뛰어넘는 성장 [돈 되는 해외 주식]"
2022-10-30,"통신 3사, 넷플릭스와 경쟁하나… 콘텐츠 직접 제작 '시동'"
2022-10-31,"""티빙-시즌 합쳐도...넷플릭스 점유율 절반도 안돼"" M&A 승인"
2022-10-31,"티빙, KT시즌 인수…공정위 결합승인 “넷플릭스와 치열하게 경쟁”"
2022-11-01,계정 공유 단속 임박했나…넷플릭스 '프로필 이전' 기능 도입
2022-11-02,넷플릭스 국내 광고 완판…OTT 시장에 파란 일으킬까
2022-11-03,"넷플릭스 제휴 LGU+·KT, 관련 요금제 인상"
2022-11-04,"""넷플릭스 보면서 돈 번다""…1분 만에 마감되는 '꿀 알바'"
2022-11-04,"넷플릭스, 1시간에 4~5분 광고 ‘월5500원 요금제’ 시작, 구독자 다시 모일..."
2022-11-04,KT·LG유플 '넷플릭스 결합상품' 가격 인상…넷플릭스는 광고 요금제 시작
2022-11-04,"넷플릭스, 9개국서 광고요금제 시작…한국서는 월 5500원"
2022-11-04,"넷플릭스, 9개국서 광고요금제 시작…한국 월 5500원"
2022-11-05,넷플릭스가 새 '광고 요금제' 꺼내자 토종 OTT·네이버·카카오까지 떨고 있다
2022-11-06,"""넷플릭스 수리남 속 커피믹스가 뜻밖의 재난 식량이었다니"""
2022-11-06,"송현석 대표 ""넷플릭스 보듯 '대안육' 먹는 날 올겁니다"""
2022-11-06,국내 OTT 선두 굳히는 티빙…시즌 품고 넷플릭스 아성 넘볼까
2022-11-07,"월가 분석가들 ""디즈니, 넷플릭스 큰 격차로 앞설 것"""
2022-11-08,코로나 빗장 풀리자…월가 “넷플릭스보다 디즈니가 더 유망” [월가월부]
2022-11-08,"[월가월부] 일상회복에 신난 '캐릭터 왕국'… 월가 ""넷플릭스보다 디즈니"""
2022-11-09,"넷플릭스, 스포츠 생중계 진출?"
2022-11-09,넷플릭스 영화 CGV서 개봉…바르도·피노키오·화이트노이즈 등
2022-11-10,"K콘탠츠 세제지원, 넷플릭스의 10% 수준…""산업 활성화 위해 지원 시급"""
2022-11-10,"""키즈들의 넷플릭스될 것""...LGU+ '아이들나라' OTT로 키운다"
2022-11-10,"""'키즈계 넷플릭스' 만들 것""…LGU+, 키즈 OTT '아이들나라' 선봬(종합)"
2022-11-10,"LG유플러스 ‘U+아이들나라’ OTT로 변신, ‘키즈 넷플릭스’ 꿈꾼다"
2022-11-10,"""키즈 OTT계 넷플릭스 될 것"" LGU+ 아이들나라, 모바일 중심 서비스로 전환"
2022-11-10,"넷플릭스 '광고형 요금제' 이용 의향 물었더니…응답자 51% ""싫어"""
2022-11-10,"""넷플릭스, 스포츠 생중계 눈독"""
2022-11-15,"BofA, 넷플릭스 '매수'로 두단계 상향…강력한 브랜드, 수익 상승 잠재력 긍정..."
2022-11-15,"BofA, 넷플릭스 선두 유지 전망…'매수'로 2단계 상향"
2022-11-15,"""넷플릭스 설치 수, 전월대비 약 20만대 줄었다"""
2022-11-16,"(영상)""여전히 OTT 리더는 넷플릭스""…불황에도 광고주 줄섰다"
2022-11-20,"LGU+, IPTV→OTT TV로 개편…""넷플릭스·티빙, 경쟁사 아닌 친구"""
2022-11-21,"NH투자 ""나스미디어, 넷플릭스 광고 판매 독점 계약 수혜"""
2022-11-22,넷플릭스 2024년까지 특수시각효과 인재 300명 키운다
2022-11-24,"넷플릭스와 차별화…아마존, 극장용 영화에 매년 1.3조 투자"
2022-11-25,"""코딩 배우고 싶다면?""...넷플릭스처럼 훈련 콘텐츠도 고르세요[전민정의 출근 중..."
2022-11-28,"넷플릭스-SKB, 7차 변론도 ‘무정산 합의’ 이견 공방"
2022-11-30,"관광공사, 넷플릭스와 손잡고 한류 여행코스 만든다"
2022-11-30,"네오위즈, ‘고양이와 스프' 넷플릭스 입점 완료"
2022-12-01,"휴넷 HRD Flex, 중소기업 교육 무상지원.. 기업교육도 넷플릭스처럼"
2022-12-01,"넷플릭스·메타 CEO, 일론 머스크 트위터 경영 극찬…실리콘밸리 머스크 행보 '따..."
2022-12-01,"KT스카이라이프 ""넷플릭스 광고요금제 리모컨으로 가입"""
2022-12-01,"""넷플릭스 따라잡는다""...'토종 OTT 1위' 탄생, 티빙·시즌 합병"
2022-12-02,"넷플릭스 빼고 다 적자인데…시즌 품은 티빙, 수익성 문제 풀까"
2022-12-02,"뉴욕증시, 고용보고서 발표 대기하며 혼조…‘넷플릭스 3.74%↑’ 유가 상승·비트..."
2022-12-06,넷플릭스 '게임' 사업 1년…회원 이용률은 고작 1%
2022-12-07,겹호재 만난 한국 OTT와 넷플릭스란 넘사벽
2022-12-07,모바일 게임 1년… 넷플릭스답지 않은 성적표
2022-12-08,‘넷플릭스’ 꾸준히 추격하는 ‘웨이브’
2022-12-08,"관광공사, 넷플릭스와 손잡고 전통문화 체험 투어 시범운영"
2022-12-09,"""넷플릭스, 광고 요금제로 실적 변동성 완화…주식 사라"""
2022-12-09,넷플릭스 이어 디즈니+도 광고요금제 도입…월 7.99달러
2022-12-09,"스튜디오드래곤, 넷플릭스 콘텐츠 제작 등 실적 경쟁력 입증-DS투자증권"
2022-12-12,(영상)넷플릭스의 부활?...성장기대감에 목표가 줄상향
2022-12-13,"""내년 美증시 톱픽은 넷플릭스·우버·윅스"""
2022-12-13,"OTT 수요 경쟁, 넷플릭스 추격 고삐 죄는 다크호스 웨이브"
2022-12-13,스튜디오미르 “자체 제작 ‘외모지상주의’ 넷플릭스 Top10 진입”
2022-12-15,[OTT 지각변동]②'짠물 수비' 돌입한 넷플릭스
2022-12-16,넷플릭스 주가 급락...시청률에 발목 잡힌 광고매출? (영상)
2022-12-16,"뉴욕증시, ‘R의 공포’ 속 경제지표 부진에 일제 급락 ‘넷플릭스 8.63%↓’…..."
2022-12-17,스토리 발굴부터 배급까지…넷플릭스 오피스 가보니
2022-12-17,K콘텐츠 세계화 이끈 넷플릭스 종로 사옥 가 보니
2022-12-18,얇아진 지갑에 연말에도 '집콕'...디즈니vs넷플릭스 승자는?
2022-12-19,"美미디어업계 ""내년 넷플릭스 합병·애플 틱톡 금지 예상"""
2022-12-20,"에버코어 ""넷플릭스는 내년 최선호주...광고수익 보다 가입자 증가가 더 중요"""
2022-12-21,넷플릭스가 야심차게 출시한 저가요금제 첫달 성적은
2022-12-21,"넷플릭스, 광고요금제 첫 달 저조한 실적…신규 가입자 9%만 선택"
2022-12-21,넷플릭스 새 광고요금제 신청했니? 예상 밖 흥행은 저조
2022-12-21,넷플릭스 광고요금제 출시 첫달 인기 저조
2022-12-21,"넷플릭스 광고요금제, 첫 달 인기 바닥...절반은 기존요금제에서 갈아타"
2022-12-22,"스튜디오미르 ""‘외모지상주의’ 넷플릭스 글로벌 주간 8위 입성"""
2022-12-22,넷플릭스 계정공유 이용자 1억명…내년 초부터 유료화 시작될 듯
2022-12-22,"더핑크퐁컴퍼니 '베베핀', 9개국 넷플릭스 10위권 석권"
2022-12-22,"""사랑은 비번 공유""라던 넷플릭스의 배신…계정공유 제한 본격화"
2022-12-22,"더핑크퐁컴퍼니 ‘베베핀’, 전 세계 9개국 넷플릭스 10위권 석권"
2022-12-22,"‘베베핀’, 넷플릭스 글로벌 차트 석권… 韓 애니메이션 최초"
2022-12-22,"로이터 ""MS, 넷플릭스 인수 가능성"""
2022-12-23,"앱설치수·MAU '폭락' 넷플릭스, 유료화 시작 선언"
2022-12-23,"[현장에서]""넷플릭스 같은 제작 환경"" 조현민 한진 사장이 제작한 영화 공개"
2022-12-23,"넷플릭스, 미국 뉴저지 1兆 투자…제2의 할리우드 낙점"
2022-12-23,"""넷플릭스, 내년 1억명 계정 공유 이용자 유료화 진행"""
2022-12-25,넷플릭스가 걱정되는 다섯 가지 이유
2022-12-25,'독서계 넷플릭스' 구독자들 최애 책은 소설
2022-12-27,"""넷플릭스와 한판 대결할 'K-OTT 연합 플랫폼' 절실"""
2022-12-29,"CFRA, 넷플릭스 매도→매수로 두단계 상향"
2022-12-29,'에밀리 파리에 가다'에 K뷰티가? 넷플릭스 PPL도 따냈다
2022-12-29,올해 넷플릭스 전세계 회원 60% 'K-콘텐츠' 봤다…'지우학' 비영어권 1위
2022-12-29,"넷플릭스 ""전세계 회원 60％ 한국작품 1편 이상 시청"""
2022-12-29,"넷플릭스 계정 공유 금지되나…""광고 대행사·경쟁 OTT엔 기회""-KB"
2022-12-30,"CFRA, 넷플릭스 '매수'로 2계단 상향…글로벌 OTT시장에서 경쟁 우위 확고"
2022-12-30,"넷플릭스에서 한국영화 340편 푼다…헤어진결심, 브로커 등"
2022-12-30,OTT 경쟁 가열에…올해 추락한 넷플릭스·디즈니 주가
2022-12-30,`매도`에서 `매수`로…넷플릭스 비관론자의 변심 이유는
